,Method,MSE,Med MSE,SINGLE 1 Avg Regret,SINGLE 1 Med Regret,SINGLE 1 Avg Relative Regret,SINGLE 1 Med Relative Regret,SINGLE 1 Optimality Rate,SINGLE 2 Avg Regret,SINGLE 2 Med Regret,SINGLE 2 Avg Relative Regret,SINGLE 2 Med Relative Regret,SINGLE 2 Optimality Rate,SINGLE 3 Avg Regret,SINGLE 3 Med Regret,SINGLE 3 Avg Relative Regret,SINGLE 3 Med Relative Regret,SINGLE 3 Optimality Rate,MULTI 1 Avg Regret,MULTI 1 Med Regret,MULTI 1 Avg Relative Regret,MULTI 1 Med Relative Regret,MULTI 1 Optimality Rate,Elapsed,Elapsed Val
0,separated+mse,"[3.733270378226866, 3.7163594572199226, 3.6497765927976222, 3.6112184087863493]","[2.0831709875565716, 2.069275701602521, 2.033467833221417, 1.9498729418874032]",2.16,2.0,0.019324122451545203,0.021389306416871087,0.17,2.61,2.0,0.023255813899405082,0.023496787434950067,0.16,2.39,2.0,0.020887870827964648,0.023776063855969004,0.15,2.64,2.0,0.01990099006920694,0.023602559040278272,0.18,44.70952129364014,4.4289586544036865
1,comb+mse,3.974109155384559,1.8587173953597838,2.1,2.0,0.022186869612730403,0.022186869612730403,0.16,2.6,2.0,0.023289989768719696,0.023289989768719696,0.15,2.61,2.0,0.025457648084668823,0.025457648084668823,0.14,2.63,2.0,0.02459315292647688,0.02459315292647688,0.18,39.00286364555359,3.9775466918945312
2,gradnorm+mse,3.791416540619165,1.8056230181366744,2.27,2.0,0.0231469909843788,0.0231469909843788,0.13,2.64,2.0,0.023255336948319973,0.023255336948319973,0.15,2.56,2.0,0.024816534545817972,0.024816534545817972,0.15,2.73,2.0,0.024394753441582977,0.024394753441582977,0.19,40.83999443054199,3.9505300521850586
