,Method,MSE,Med MSE,SINGLE 1 Avg Regret,SINGLE 1 Med Regret,SINGLE 1 Avg Relative Regret,SINGLE 1 Med Relative Regret,SINGLE 1 Optimality Rate,SINGLE 2 Avg Regret,SINGLE 2 Med Regret,SINGLE 2 Avg Relative Regret,SINGLE 2 Med Relative Regret,SINGLE 2 Optimality Rate,SINGLE 3 Avg Regret,SINGLE 3 Med Regret,SINGLE 3 Avg Relative Regret,SINGLE 3 Med Relative Regret,SINGLE 3 Optimality Rate,MULTI 1 Avg Regret,MULTI 1 Med Regret,MULTI 1 Avg Relative Regret,MULTI 1 Med Relative Regret,MULTI 1 Optimality Rate,Elapsed,Elapsed Val
0,separated+mse,"[3.298955905027993, 3.2098640890684846, 3.1866528555234255, 3.2101637360471886]","[2.254326315277621, 2.1006446584543235, 2.075628889948179, 2.1125732627058085]",2.26,1.0,0.0678160916128947,0.07528418701414004,0.22,2.4,2.0,0.08135686687828513,0.08154911412042914,0.3,2.55,1.5,0.07692307633136096,0.0904538508368217,0.28,2.39,2.0,0.08054054027097152,0.0922352902459634,0.3,77.90407299995422,8.46401047706604
1,comb+mse,3.361256296007666,2.200511425936103,2.49,2.0,0.0769341241697751,0.0769341241697751,0.23,2.77,2.0,0.09055491207185826,0.09055491207185826,0.26,3.08,2.0,0.10168080949195074,0.10168080949195074,0.21,2.31,2.0,0.08878501995116947,0.08878501995116947,0.31,84.85284566879272,9.840558528900146
2,gradnorm+mse,3.03104958163498,1.8638679984659183,2.44,2.0,0.0765045808813189,0.0765045808813189,0.23,2.42,2.0,0.07974021781382738,0.07974021781382738,0.3,2.32,1.0,0.08470045604006352,0.08470045604006352,0.3,2.22,2.0,0.08480337712357526,0.08480337712357526,0.33,93.98335719108582,10.655691623687744
