,Method,MSE,Med MSE,SINGLE 1 Avg Regret,SINGLE 1 Med Regret,SINGLE 1 Avg Relative Regret,SINGLE 1 Med Relative Regret,SINGLE 1 Optimality Rate,SINGLE 2 Avg Regret,SINGLE 2 Med Regret,SINGLE 2 Avg Relative Regret,SINGLE 2 Med Relative Regret,SINGLE 2 Optimality Rate,SINGLE 3 Avg Regret,SINGLE 3 Med Regret,SINGLE 3 Avg Relative Regret,SINGLE 3 Med Relative Regret,SINGLE 3 Optimality Rate,MULTI 1 Avg Regret,MULTI 1 Med Regret,MULTI 1 Avg Relative Regret,MULTI 1 Med Relative Regret,MULTI 1 Optimality Rate,Elapsed,Elapsed Val
0,separated+mse,"[3.1671287456376302, 3.0972433809571704, 3.0693827230870947, 3.016891834075537]","[2.038980013696097, 1.7820630356121314, 1.772273055408535, 1.745261421320589]",2.03,1.0,0.019704911648222703,0.02193744522411623,0.13,2.37,2.0,0.02230514092881227,0.023306047913399443,0.14,2.1,2.0,0.021395880977695333,0.02229038341643003,0.14,2.52,2.0,0.023882512276193105,0.02678765451927142,0.1,136.04501485824585,16.257684230804443
1,comb+mse,3.1905264318588924,1.8829547756569798,2.17,2.0,0.02382935535066312,0.02382935535066312,0.06,2.21,2.0,0.022905997691619537,0.022905997691619537,0.15,2.3,2.0,0.02526635583835854,0.02526635583835854,0.11,2.74,2.0,0.028050923442352313,0.028050923442352313,0.09,126.39279580116272,14.671636819839478
2,gradnorm+mse,2.999849021057979,1.701404532382282,2.16,2.0,0.023002031994638395,0.023002031994638395,0.08,2.24,2.0,0.022515266963927857,0.022515266963927857,0.2,2.25,2.0,0.024388279229859523,0.024388279229859523,0.1,2.55,2.0,0.0274477650786619,0.0274477650786619,0.11,74.67015981674194,8.798792839050293
