,Method,MSE,Med MSE,SINGLE 1 Avg Regret,SINGLE 1 Med Regret,SINGLE 1 Avg Relative Regret,SINGLE 1 Med Relative Regret,SINGLE 1 Optimality Rate,SINGLE 2 Avg Regret,SINGLE 2 Med Regret,SINGLE 2 Avg Relative Regret,SINGLE 2 Med Relative Regret,SINGLE 2 Optimality Rate,SINGLE 3 Avg Regret,SINGLE 3 Med Regret,SINGLE 3 Avg Relative Regret,SINGLE 3 Med Relative Regret,SINGLE 3 Optimality Rate,MULTI 1 Avg Regret,MULTI 1 Med Regret,MULTI 1 Avg Relative Regret,MULTI 1 Med Relative Regret,MULTI 1 Optimality Rate,Elapsed,Elapsed Val
0,separated+mse,"[6.934327382809888, 7.553335131123168, 6.9611408087526865, 6.885267728633412]","[3.3237769234891363, 3.783500074934377, 3.5682735735296958, 3.4094020632645985]",3.762,3.0,0.08922056368183406,0.1025744154459903,0.158,4.095,3.0,0.10714285676020407,0.12497350802183567,0.198,3.788,3.0,0.10526315734072021,0.12201410810148147,0.199,3.845,3.0,0.11111111049382716,0.1280140472907493,0.192,17.008057594299316,13.307854175567627
1,comb+mse,10.514495824038907,4.159820332985839,3.985,3.0,0.10918370962531981,0.10918370962531981,0.143,3.726,2.0,0.11142810588625104,0.11142810588625104,0.207,3.747,2.0,0.11822716430837102,0.11822716430837102,0.205,3.681,2.0,0.12279405009198209,0.12279405009198209,0.197,13.291495561599731,12.691361904144287
2,gradnorm+mse,11.638813693489759,4.62126575396382,3.744,3.0,0.10334399683413259,0.10334399683413259,0.158,3.881,3.0,0.11867934233111493,0.11867934233111493,0.191,3.771,3.0,0.1211486612953005,0.1211486612953005,0.21,3.965,3.0,0.1306858548379831,0.1306858548379831,0.184,9.44409465789795,8.19634747505188
