,Method,MSE,Med MSE,SINGLE 1 Avg Regret,SINGLE 1 Med Regret,SINGLE 1 Avg Relative Regret,SINGLE 1 Med Relative Regret,SINGLE 1 Optimality Rate,SINGLE 2 Avg Regret,SINGLE 2 Med Regret,SINGLE 2 Avg Relative Regret,SINGLE 2 Med Relative Regret,SINGLE 2 Optimality Rate,SINGLE 3 Avg Regret,SINGLE 3 Med Regret,SINGLE 3 Avg Relative Regret,SINGLE 3 Med Relative Regret,SINGLE 3 Optimality Rate,MULTI 1 Avg Regret,MULTI 1 Med Regret,MULTI 1 Avg Relative Regret,MULTI 1 Med Relative Regret,MULTI 1 Optimality Rate,Elapsed,Elapsed Val
0,separated+mse,"[3.673663674680279, 3.5154605821869835, 3.5769858097916836, 3.5680235507040003]","[2.2197908874404706, 2.1169344721394516, 2.1338256107261144, 2.104686537975972]",2.03,1.0,0.047058823371972314,0.06553802177306449,0.36,2.1,1.0,0.03999999984,0.06663992290669682,0.39,2.53,2.0,0.07142857104591838,0.08462213856218881,0.29,2.61,2.0,0.07596153821985946,0.0934443326871248,0.29,67.84368109703064,6.530998706817627
1,comb+mse,3.8754553545909896,2.1773051552572724,2.35,1.0,0.06926368814823942,0.06926368814823942,0.3,2.34,1.5,0.08032807349033046,0.08032807349033046,0.34,2.38,1.0,0.08299435863115404,0.08299435863115404,0.34,2.65,2.0,0.09845683622601024,0.09845683622601024,0.25,54.177770137786865,5.6544928550720215
2,gradnorm+mse,3.5924151766055967,2.179155196734012,2.16,1.0,0.06604315896737328,0.06604315896737328,0.34,2.28,1.5,0.07584560299124268,0.07584560299124268,0.36,2.74,2.0,0.0914725127011918,0.0914725127011918,0.27,2.67,2.0,0.09610284472817694,0.09610284472817694,0.28,53.90915560722351,4.897724866867065
