,Method,MSE,Med MSE,SINGLE 1 Avg Regret,SINGLE 1 Med Regret,SINGLE 1 Avg Relative Regret,SINGLE 1 Med Relative Regret,SINGLE 1 Optimality Rate,SINGLE 2 Avg Regret,SINGLE 2 Med Regret,SINGLE 2 Avg Relative Regret,SINGLE 2 Med Relative Regret,SINGLE 2 Optimality Rate,SINGLE 3 Avg Regret,SINGLE 3 Med Regret,SINGLE 3 Avg Relative Regret,SINGLE 3 Med Relative Regret,SINGLE 3 Optimality Rate,MULTI 1 Avg Regret,MULTI 1 Med Regret,MULTI 1 Avg Relative Regret,MULTI 1 Med Relative Regret,MULTI 1 Optimality Rate,Elapsed,Elapsed Val
0,separated,"[19.083461798649513, 19.115232068387787, 19.0403894471347, 20.329084832940325]","[7.998669904520503, 7.937302180560938, 8.106841299267396, 8.805110760284236]",4.913,4.0,0.11764705813148789,0.1317760510479034,0.11,5.085,4.0,0.13513513476990505,0.15193226379242677,0.124,4.928,3.0,0.1428571418367347,0.15749371578075205,0.14,5.248,4.0,0.15999999936,0.17403954472958807,0.124,120.16151070594788,106.71834588050842
1,comb,19.182000766874584,7.729314545812969,4.504,3.0,0.12058390729971069,0.12058390729971069,0.122,4.25,3.0,0.12613268083442325,0.12613268083442325,0.177,4.069,3.0,0.13027293572974386,0.13027293572974386,0.181,4.313,3.0,0.14393377835600693,0.14393377835600693,0.161,115.3498911857605,114.49137234687805
2,gradnorm,18.861103907929955,7.370145232879356,4.415,3.0,0.1177004590392897,0.1177004590392897,0.139,4.297,3.0,0.12898068619791692,0.12898068619791692,0.169,4.288,3.0,0.13577448146348592,0.13577448146348592,0.16,4.453,3.0,0.149168995220743,0.149168995220743,0.155,123.04273295402527,124.94064283370972
