,Method,MSE,Med MSE,SINGLE 1 Avg Regret,SINGLE 1 Med Regret,SINGLE 1 Avg Relative Regret,SINGLE 1 Med Relative Regret,SINGLE 1 Optimality Rate,SINGLE 2 Avg Regret,SINGLE 2 Med Regret,SINGLE 2 Avg Relative Regret,SINGLE 2 Med Relative Regret,SINGLE 2 Optimality Rate,SINGLE 3 Avg Regret,SINGLE 3 Med Regret,SINGLE 3 Avg Relative Regret,SINGLE 3 Med Relative Regret,SINGLE 3 Optimality Rate,MULTI 1 Avg Regret,MULTI 1 Med Regret,MULTI 1 Avg Relative Regret,MULTI 1 Med Relative Regret,MULTI 1 Optimality Rate,Elapsed,Elapsed Val
0,separated,"[19.065776824414037, 19.084366796454, 19.040389537525932, 19.54096134740795]","[7.959352537682731, 7.766072600371194, 8.106841510769094, 8.436416533046103]",4.933,4.0,0.11999999952,0.13305000025348226,0.106,5.099,4.0,0.13333333266666667,0.1522241114895677,0.119,4.928,3.0,0.1428571418367347,0.15749371578075205,0.14,5.34,4.0,0.1666666652777778,0.17505966339351062,0.128,64.58235478401184,62.24562954902649
1,comb,18.797965077698937,7.697359208118402,4.48,3.0,0.12203284996878346,0.12203284996878346,0.128,4.333,3.0,0.12978444454448873,0.12978444454448873,0.169,4.253,3.0,0.13475488888304005,0.13475488888304005,0.185,4.369,3.0,0.14618997492261104,0.14618997492261104,0.155,60.43880558013916,60.585909605026245
2,gradnorm,18.81086637888455,7.57844094868817,4.509,3.0,0.12047673446906314,0.12047673446906314,0.134,4.174,3.0,0.126224296591654,0.126224296591654,0.176,4.246,3.0,0.1350047536833858,0.1350047536833858,0.179,4.197,3.0,0.1421976675005697,0.1421976675005697,0.17,42.66356587409973,45.16077446937561
