,Method,MSE,Med MSE,SINGLE 1 Avg Regret,SINGLE 1 Med Regret,SINGLE 1 Avg Relative Regret,SINGLE 1 Med Relative Regret,SINGLE 1 Optimality Rate,SINGLE 2 Avg Regret,SINGLE 2 Med Regret,SINGLE 2 Avg Relative Regret,SINGLE 2 Med Relative Regret,SINGLE 2 Optimality Rate,SINGLE 3 Avg Regret,SINGLE 3 Med Regret,SINGLE 3 Avg Relative Regret,SINGLE 3 Med Relative Regret,SINGLE 3 Optimality Rate,MULTI 1 Avg Regret,MULTI 1 Med Regret,MULTI 1 Avg Relative Regret,MULTI 1 Med Relative Regret,MULTI 1 Optimality Rate,Elapsed,Elapsed Val
0,separated,"[8.421339832577528, 8.634611629249227, 8.091945278576985, 8.250851285179406]","[2.874530653853349, 2.3794209836288527, 2.3144580074088488, 2.1484208181489017]",1.94,1.0,0.0185248713325978,0.020642924750900855,0.16,2.23,2.0,0.0200080031812565,0.022871590970107835,0.13,2.44,2.0,0.02155572754052954,0.024408147589348443,0.19,2.74,2.0,0.0262468999482783,0.028153398633496297,0.13,296.8867290019989,34.3535680770874
1,comb,7.155716331796067,1.7683685528926678,2.25,2.0,0.0232807511929719,0.0232807511929719,0.1,2.3,2.0,0.022572579381356785,0.022572579381356785,0.18,2.36,2.0,0.024925359665000722,0.024925359665000722,0.14,3.09,2.0,0.03218306027808413,0.03218306027808413,0.07,185.55624890327454,21.77965211868286
2,gradnorm,7.93960019852647,2.016382337311594,2.24,2.0,0.023465151269541892,0.023465151269541892,0.06,2.29,2.0,0.023674097056196827,0.023674097056196827,0.14,2.29,2.0,0.025162555813240207,0.025162555813240207,0.13,2.83,2.0,0.03049443330179938,0.03049443330179938,0.08,123.28978252410889,14.46622633934021
