,Method,MSE,Med MSE,SINGLE 1 Avg Regret,SINGLE 1 Med Regret,SINGLE 1 Avg Relative Regret,SINGLE 1 Med Relative Regret,SINGLE 1 Optimality Rate,SINGLE 2 Avg Regret,SINGLE 2 Med Regret,SINGLE 2 Avg Relative Regret,SINGLE 2 Med Relative Regret,SINGLE 2 Optimality Rate,SINGLE 3 Avg Regret,SINGLE 3 Med Regret,SINGLE 3 Avg Relative Regret,SINGLE 3 Med Relative Regret,SINGLE 3 Optimality Rate,MULTI 1 Avg Regret,MULTI 1 Med Regret,MULTI 1 Avg Relative Regret,MULTI 1 Med Relative Regret,MULTI 1 Optimality Rate,Elapsed,Elapsed Val
0,separated,"[15.149326485822758, 15.632875485612864, 15.224513848085282, 14.544327280741431]","[6.004718204859376, 6.463363265913773, 6.063334180181745, 5.414585037983064]",2.76,2.0,0.0727513223590465,0.08550887969856148,0.21,2.98,2.0,0.09449404724580587,0.09553256554826786,0.29,2.7,2.0,0.09090909008264464,0.09516800649713808,0.27,2.49,2.0,0.07900207859665198,0.09505093399954999,0.29,272.44904470443726,30.153618812561035
1,comb,12.795936747573558,4.481558676044639,2.66,2.0,0.08294950679247835,0.08294950679247835,0.21,2.9,2.0,0.09414729835266002,0.09414729835266002,0.3,3.13,2.0,0.10885924120218277,0.10885924120218277,0.22,2.52,2.0,0.09929323708984639,0.09929323708984639,0.27,371.66908740997314,42.373109579086304
2,gradnorm,14.143251750319429,5.356001982770405,2.51,2.0,0.08037770823865839,0.08037770823865839,0.2,2.67,2.0,0.0849017968473511,0.0849017968473511,0.3,2.53,2.0,0.09434192137276248,0.09434192137276248,0.25,2.39,2.0,0.09347172552738206,0.09347172552738206,0.29,145.89532923698425,16.160577058792114
