,Method,MSE,Med MSE,SINGLE 1 Avg Regret,SINGLE 1 Med Regret,SINGLE 1 Avg Relative Regret,SINGLE 1 Med Relative Regret,SINGLE 1 Optimality Rate,SINGLE 2 Avg Regret,SINGLE 2 Med Regret,SINGLE 2 Avg Relative Regret,SINGLE 2 Med Relative Regret,SINGLE 2 Optimality Rate,SINGLE 3 Avg Regret,SINGLE 3 Med Regret,SINGLE 3 Avg Relative Regret,SINGLE 3 Med Relative Regret,SINGLE 3 Optimality Rate,MULTI 1 Avg Regret,MULTI 1 Med Regret,MULTI 1 Avg Relative Regret,MULTI 1 Med Relative Regret,MULTI 1 Optimality Rate,Elapsed,Elapsed Val
0,separated+mse,"[3.589657951816173, 3.528093304853384, 3.4634786425296693, 3.395032845383367]","[1.9957922015150984, 2.0092263520972056, 1.9999345616474602, 2.0375030949060875]",2.04,2.0,0.01770050123205917,0.02038233718939083,0.14,2.36,2.0,0.02020202018671564,0.023064397448896438,0.12,2.6,2.0,0.020833333315248843,0.02554141333234865,0.15,2.73,2.0,0.02303271438993723,0.027861120437663586,0.16,96.23409080505371,11.054720878601074
1,comb+mse,3.577651229680707,1.9140425132721426,2.18,2.0,0.022469918672008534,0.022469918672008534,0.13,2.5,2.0,0.023838991671974726,0.023838991671974726,0.14,2.55,2.0,0.02536595706719815,0.02536595706719815,0.11,2.65,2.0,0.027494046057036675,0.027494046057036675,0.12,116.04721593856812,13.272379159927368
2,gradnorm+mse,3.3502675000300117,1.8973230607427845,2.17,2.0,0.0218174120513185,0.0218174120513185,0.13,2.32,2.0,0.02361039876513533,0.02361039876513533,0.14,2.5,2.0,0.024558296976938118,0.024558296976938118,0.11,2.48,2.0,0.025720377617736486,0.025720377617736486,0.14,105.99152040481567,11.65414834022522
