,Method,MSE,Med MSE,SINGLE 1 Avg Regret,SINGLE 1 Med Regret,SINGLE 1 Avg Relative Regret,SINGLE 1 Med Relative Regret,SINGLE 1 Optimality Rate,SINGLE 2 Avg Regret,SINGLE 2 Med Regret,SINGLE 2 Avg Relative Regret,SINGLE 2 Med Relative Regret,SINGLE 2 Optimality Rate,SINGLE 3 Avg Regret,SINGLE 3 Med Regret,SINGLE 3 Avg Relative Regret,SINGLE 3 Med Relative Regret,SINGLE 3 Optimality Rate,MULTI 1 Avg Regret,MULTI 1 Med Regret,MULTI 1 Avg Relative Regret,MULTI 1 Med Relative Regret,MULTI 1 Optimality Rate,Elapsed,Elapsed Val
0,separated+mse,"[3.524243268742857, 3.499796144698692, 3.4501131949576727, 3.436395686386768]","[2.077726479569108, 2.186411422613259, 2.1482575940557904, 2.0931362094765733]",2.11,1.0,0.052631578670360106,0.0713566455558899,0.23,2.51,2.0,0.058823529065743944,0.07751621120875511,0.29,2.54,1.0,0.06350806421675825,0.07792737479721581,0.37,2.38,1.5,0.062499999609374995,0.08848482055427921,0.31,111.50329399108887,13.663373708724976
1,comb+mse,3.497632896734382,2.1194222791838575,2.45,1.0,0.07321134479931643,0.07321134479931643,0.22,2.23,1.0,0.07578867179185644,0.07578867179185644,0.29,2.86,2.0,0.09645403759762501,0.09645403759762501,0.32,2.58,2.0,0.09219839927780442,0.09219839927780442,0.27,94.74551963806152,12.114782571792603
2,gradnorm+mse,3.374775488120274,1.9514956790060114,2.02,1.0,0.06540444908822994,0.06540444908822994,0.27,2.49,2.0,0.08181473138634124,0.08181473138634124,0.26,3.07,2.0,0.09877064763412045,0.09877064763412045,0.32,2.43,1.0,0.08220567610544922,0.08220567610544922,0.33,76.96482920646667,9.41982364654541
