,Method,MSE,Med MSE,SINGLE 1 Avg Regret,SINGLE 1 Med Regret,SINGLE 1 Avg Relative Regret,SINGLE 1 Med Relative Regret,SINGLE 1 Optimality Rate,SINGLE 2 Avg Regret,SINGLE 2 Med Regret,SINGLE 2 Avg Relative Regret,SINGLE 2 Med Relative Regret,SINGLE 2 Optimality Rate,SINGLE 3 Avg Regret,SINGLE 3 Med Regret,SINGLE 3 Avg Relative Regret,SINGLE 3 Med Relative Regret,SINGLE 3 Optimality Rate,MULTI 1 Avg Regret,MULTI 1 Med Regret,MULTI 1 Avg Relative Regret,MULTI 1 Med Relative Regret,MULTI 1 Optimality Rate,Elapsed,Elapsed Val
0,separated,"[13.709013717993797, 14.478630557230598, 13.364959062973718, 13.742365923897843]","[3.6685561796233213, 3.5984366180402363, 3.1024943820446005, 3.0038563124804467]",2.3,2.0,0.02139098602150407,0.021440892760883234,0.19,2.91,2.0,0.024853349753553508,0.026056062940168732,0.15,2.52,2.0,0.021286231850541838,0.024946212841931537,0.11,2.94,2.0,0.023460612294420938,0.026393312637497682,0.1,112.17083835601807,10.923491954803467
1,comb,11.650111475331103,2.5171677566300605,2.53,2.0,0.023150989681233747,0.023150989681233747,0.18,3.33,2.0,0.028965037867028656,0.028965037867028656,0.12,3.03,2.0,0.02869456955708961,0.02869456955708961,0.11,3.28,2.0,0.03048930975990394,0.03048930975990394,0.1,127.3767101764679,13.100176572799683
2,gradnorm,12.089396482831402,2.6302636372286736,2.48,2.0,0.022450825564402303,0.022450825564402303,0.11,2.86,2.0,0.025551355083140232,0.025551355083140232,0.14,2.74,2.0,0.025648702467092135,0.025648702467092135,0.16,3.27,2.0,0.029804645231593346,0.029804645231593346,0.12,123.56160140037537,12.818798780441284
