,Method,MSE,Med MSE,SINGLE 1 Avg Regret,SINGLE 1 Med Regret,SINGLE 1 Avg Relative Regret,SINGLE 1 Med Relative Regret,SINGLE 1 Optimality Rate,SINGLE 2 Avg Regret,SINGLE 2 Med Regret,SINGLE 2 Avg Relative Regret,SINGLE 2 Med Relative Regret,SINGLE 2 Optimality Rate,SINGLE 3 Avg Regret,SINGLE 3 Med Regret,SINGLE 3 Avg Relative Regret,SINGLE 3 Med Relative Regret,SINGLE 3 Optimality Rate,MULTI 1 Avg Regret,MULTI 1 Med Regret,MULTI 1 Avg Relative Regret,MULTI 1 Med Relative Regret,MULTI 1 Optimality Rate,Elapsed,Elapsed Val
0,separated,"[20.01311547432358, 20.049727238401466, 20.30815930139904, 20.3506553113395]","[6.446688343564967, 6.3521416233116295, 6.662108278267976, 6.681351857991886]",2.79,2.0,0.06842105234779933,0.07518312160621524,0.2,3.03,2.0,0.08467741925898742,0.10088651275673888,0.21,2.98,2.0,0.09838709636810614,0.10854754739404764,0.2,3.03,2.0,0.08893280572185161,0.11006295885978017,0.17,128.7496690750122,11.758390426635742
1,comb,18.601282320181713,5.579603664411628,2.71,2.0,0.07262839470172001,0.07262839470172001,0.24,2.8,2.0,0.08588454427881288,0.08588454427881288,0.26,3.26,2.0,0.10938608974241071,0.10938608974241071,0.22,3.6,2.0,0.122598589423264,0.122598589423264,0.17,139.37969088554382,12.98373031616211
2,gradnorm,18.822352783150468,5.971683686660185,3.23,2.0,0.08360363959308348,0.08360363959308348,0.16,3.45,2.0,0.10680082607567892,0.10680082607567892,0.18,3.48,3.0,0.10977340668936812,0.10977340668936812,0.22,2.86,2.0,0.1048950523804898,0.1048950523804898,0.21,139.58878803253174,12.898661136627197
