,Method,MSE,Med MSE,SINGLE 1 Avg Regret,SINGLE 1 Med Regret,SINGLE 1 Avg Relative Regret,SINGLE 1 Med Relative Regret,SINGLE 1 Optimality Rate,SINGLE 2 Avg Regret,SINGLE 2 Med Regret,SINGLE 2 Avg Relative Regret,SINGLE 2 Med Relative Regret,SINGLE 2 Optimality Rate,SINGLE 3 Avg Regret,SINGLE 3 Med Regret,SINGLE 3 Avg Relative Regret,SINGLE 3 Med Relative Regret,SINGLE 3 Optimality Rate,MULTI 1 Avg Regret,MULTI 1 Med Regret,MULTI 1 Avg Relative Regret,MULTI 1 Med Relative Regret,MULTI 1 Optimality Rate,Elapsed,Elapsed Val
0,separated,"[22.31691838313878, 22.232773462575466, 22.04044303501368, 20.420713748081923]","[10.159104786928335, 10.253109165918318, 10.111142264113822, 9.121925638972954]",9.173,7.0,0.17647058788927336,0.18897137145379275,0.019,10.036,8.0,0.23235049786118359,0.23671700844470023,0.031,9.83,8.0,0.23310502228265675,0.24296752599910604,0.026,9.923,8.0,0.24999999930555555,0.25694274387055077,0.027,167.98198294639587,184.82238221168518
1,comb,20.219547907057052,8.48239570292636,8.443,7.0,0.17917043952780637,0.17917043952780637,0.02,8.286,7.0,0.19952015736090398,0.19952015736090398,0.04,8.395,7.0,0.2085099524260201,0.2085099524260201,0.048,8.801,7.0,0.2295565496099393,0.2295565496099393,0.043,143.43763089179993,146.115891456604
2,gradnorm,19.88740071664537,8.161474977354576,8.218,7.0,0.1712650036088756,0.1712650036088756,0.028,8.355,6.0,0.19580685349233312,0.19580685349233312,0.045,7.985,6.0,0.19661559844730084,0.19661559844730084,0.056,8.494,7.0,0.22193447651604184,0.22193447651604184,0.048,151.91138744354248,140.45073461532593
