,Method,MSE,Med MSE,SINGLE 1 Avg Regret,SINGLE 1 Med Regret,SINGLE 1 Avg Relative Regret,SINGLE 1 Med Relative Regret,SINGLE 1 Optimality Rate,SINGLE 2 Avg Regret,SINGLE 2 Med Regret,SINGLE 2 Avg Relative Regret,SINGLE 2 Med Relative Regret,SINGLE 2 Optimality Rate,SINGLE 3 Avg Regret,SINGLE 3 Med Regret,SINGLE 3 Avg Relative Regret,SINGLE 3 Med Relative Regret,SINGLE 3 Optimality Rate,MULTI 1 Avg Regret,MULTI 1 Med Regret,MULTI 1 Avg Relative Regret,MULTI 1 Med Relative Regret,MULTI 1 Optimality Rate,Elapsed,Elapsed Val
0,separated,"[18.312662067705887, 17.551641391681127, 17.609886267623576, 17.619359890128614]","[7.948714729130765, 6.760094576796013, 7.0708252705160675, 6.458459094317446]",5.68,4.0,0.1089906698642612,0.12138380067563227,0.11,5.98,5.0,0.1271284269119436,0.15071959567104298,0.08,5.45,4.0,0.11561079905026989,0.14440705829222428,0.18,5.74,5.0,0.1408730153399786,0.15675502938165387,0.12,970.0104503631592,106.41349840164185
1,comb,16.737217078987438,6.301340861283577,5.47,5.0,0.11204140107180556,0.11204140107180556,0.08,5.18,5.0,0.12941827549377424,0.12941827549377424,0.15,5.63,4.0,0.1426463014397139,0.1426463014397139,0.16,5.67,4.0,0.147315203289743,0.147315203289743,0.17,1018.5305323600769,111.86764788627625
2,gradnorm,16.845722179782154,6.30225907809481,5.6,4.0,0.115519925442039,0.115519925442039,0.14,5.3,4.0,0.12581167901259438,0.12581167901259438,0.13,5.32,4.0,0.13455640257260465,0.13455640257260465,0.15,6.0,4.0,0.1554141472543733,0.1554141472543733,0.09,427.84016513824463,46.370469093322754
