,Method,MSE,Med MSE,SINGLE 1 Avg Regret,SINGLE 1 Med Regret,SINGLE 1 Avg Relative Regret,SINGLE 1 Med Relative Regret,SINGLE 1 Optimality Rate,SINGLE 2 Avg Regret,SINGLE 2 Med Regret,SINGLE 2 Avg Relative Regret,SINGLE 2 Med Relative Regret,SINGLE 2 Optimality Rate,SINGLE 3 Avg Regret,SINGLE 3 Med Regret,SINGLE 3 Avg Relative Regret,SINGLE 3 Med Relative Regret,SINGLE 3 Optimality Rate,MULTI 1 Avg Regret,MULTI 1 Med Regret,MULTI 1 Avg Relative Regret,MULTI 1 Med Relative Regret,MULTI 1 Optimality Rate,Elapsed,Elapsed Val
0,separated+mse,"[2.631830074319369, 2.5494014462823555, 2.6068749524005783, 2.6302841104642165]","[1.3688402839406462, 1.4143093183007545, 1.540280256190574, 1.516569502593394]",0.26,0.0,0.0,0.017044881959656935,0.81,0.24,0.0,0.0,0.015417055399654633,0.81,0.19,0.0,0.0,0.010613484034830017,0.85,0.33,0.0,0.0,0.02068890356736257,0.79,20.951499462127686,1.9808626174926758
1,comb+mse,2.7430879152014613,1.5409660075350486,0.32,0.0,0.020982805113715884,0.020982805113715884,0.78,0.32,0.0,0.020982805113715884,0.020982805113715884,0.78,0.32,0.0,0.020982805113715884,0.020982805113715884,0.78,0.3,0.0,0.018119908262847415,0.018119908262847415,0.82,23.84010672569275,2.7622129917144775
2,gradnorm+mse,2.6386157254501614,1.525979245785915,0.23,0.0,0.016036809478135655,0.016036809478135655,0.83,0.23,0.0,0.016036809478135655,0.016036809478135655,0.83,0.23,0.0,0.016036809478135655,0.016036809478135655,0.83,0.29,0.0,0.01891371589321836,0.01891371589321836,0.81,11.429917097091675,1.097599983215332
