,Method,MSE,Med MSE,SINGLE 1 Avg Regret,SINGLE 1 Med Regret,SINGLE 1 Avg Relative Regret,SINGLE 1 Med Relative Regret,SINGLE 1 Optimality Rate,SINGLE 2 Avg Regret,SINGLE 2 Med Regret,SINGLE 2 Avg Relative Regret,SINGLE 2 Med Relative Regret,SINGLE 2 Optimality Rate,SINGLE 3 Avg Regret,SINGLE 3 Med Regret,SINGLE 3 Avg Relative Regret,SINGLE 3 Med Relative Regret,SINGLE 3 Optimality Rate,MULTI 1 Avg Regret,MULTI 1 Med Regret,MULTI 1 Avg Relative Regret,MULTI 1 Med Relative Regret,MULTI 1 Optimality Rate,Elapsed,Elapsed Val
0,separated,"[166.5225160660411, 165.27063904229504, 165.889683842879, 167.30065157779248]","[9.036480921748206, 8.74262142611327, 8.418846838105374, 9.170213251892674]",9.186,3.0,0.1062760208513,0.1277377677724163,0.196,10.062,3.0,0.12499999843750002,0.1416525227072127,0.235,10.694,3.0,0.1417803291667805,0.15529177567680919,0.213,9.611,3.0,0.13385522895961804,0.15791715785384816,0.2,203.93793940544128,181.9525442123413
1,comb,163.04305793468745,8.214830031431816,7.362,3.0,0.10485029690059233,0.10485029690059233,0.247,7.518,2.0,0.11243258673043757,0.11243258673043757,0.279,7.972,3.0,0.1259035202413535,0.1259035202413535,0.261,7.587,2.5,0.1274283453929039,0.1274283453929039,0.25,218.55603313446045,219.02198028564453
2,gradnorm,165.13470273297676,8.052113512149969,7.615,2.0,0.10519812879110853,0.10519812879110853,0.255,7.607,2.0,0.10631520609663274,0.10631520609663274,0.311,7.836,2.0,0.11806611860241588,0.11806611860241588,0.283,8.053,2.0,0.12553786718130874,0.12553786718130874,0.262,130.16165900230408,122.2859992980957
