,Method,MSE,Med MSE,SINGLE 1 Avg Regret,SINGLE 1 Med Regret,SINGLE 1 Avg Relative Regret,SINGLE 1 Med Relative Regret,SINGLE 1 Optimality Rate,SINGLE 2 Avg Regret,SINGLE 2 Med Regret,SINGLE 2 Avg Relative Regret,SINGLE 2 Med Relative Regret,SINGLE 2 Optimality Rate,SINGLE 3 Avg Regret,SINGLE 3 Med Regret,SINGLE 3 Avg Relative Regret,SINGLE 3 Med Relative Regret,SINGLE 3 Optimality Rate,MULTI 1 Avg Regret,MULTI 1 Med Regret,MULTI 1 Avg Relative Regret,MULTI 1 Med Relative Regret,MULTI 1 Optimality Rate,Elapsed,Elapsed Val
0,separated+mse,"[3.556816882344372, 3.663129355214791, 3.644871636291058, 3.6010422507380957]","[2.4102141133118127, 2.4802325404649834, 2.486131286270129, 2.3633920534394304]",4.87,4.0,0.09878048759855244,0.10984604189912688,0.11,5.55,5.0,0.1318840573847931,0.132220962497341,0.13,5.27,4.0,0.126329786902922,0.13677816501099663,0.14,5.09,4.0,0.13333333266666667,0.13602955879119263,0.15,237.47404766082764,26.16080355644226
1,comb+mse,3.9752341620807075,2.850762503294061,5.09,5.0,0.11078407926705518,0.11078407926705518,0.12,4.98,4.0,0.11646462322902912,0.11646462322902912,0.2,5.07,3.5,0.12916383185020772,0.12916383185020772,0.21,5.56,4.0,0.1460452550353258,0.1460452550353258,0.15,253.94634819030762,28.562634706497192
2,gradnorm+mse,3.1869263066878286,1.9618667634833407,5.16,4.0,0.10744940017559151,0.10744940017559151,0.13,4.93,3.5,0.11920677901184863,0.11920677901184863,0.19,4.37,3.0,0.11505852668199225,0.11505852668199225,0.2,4.68,4.0,0.12659794103251165,0.12659794103251165,0.21,278.50746297836304,29.799286365509033
