,Method,MSE,Med MSE,SINGLE 1 Avg Regret,SINGLE 1 Med Regret,SINGLE 1 Avg Relative Regret,SINGLE 1 Med Relative Regret,SINGLE 1 Optimality Rate,SINGLE 2 Avg Regret,SINGLE 2 Med Regret,SINGLE 2 Avg Relative Regret,SINGLE 2 Med Relative Regret,SINGLE 2 Optimality Rate,SINGLE 3 Avg Regret,SINGLE 3 Med Regret,SINGLE 3 Avg Relative Regret,SINGLE 3 Med Relative Regret,SINGLE 3 Optimality Rate,MULTI 1 Avg Regret,MULTI 1 Med Regret,MULTI 1 Avg Relative Regret,MULTI 1 Med Relative Regret,MULTI 1 Optimality Rate,Elapsed,Elapsed Val
0,separated,"[20.494476806209402, 21.217952053622735, 21.064082310510248, 20.72338360673429]","[7.738486516804206, 7.884291111928711, 8.022784398685047, 8.096034963814946]",2.93,2.0,0.07142857091836735,0.08354054953646954,0.224,3.138,2.0,0.08198924689956932,0.09936261230427926,0.258,2.995,2.0,0.08633540349685584,0.10172357418251325,0.27,3.066,2.0,0.09090909008264464,0.10422411160473716,0.263,43.23729157447815,5.091737270355225
1,comb,19.81813477920593,7.232283905741573,2.895,2.0,0.08200720659070042,0.08200720659070042,0.222,2.958,2.0,0.09316133416372259,0.09316133416372259,0.261,2.772,2.0,0.09270081777953502,0.09270081777953502,0.285,3.009,2.0,0.10287200853385559,0.10287200853385559,0.266,46.17625880241394,4.892437696456909
2,gradnorm,19.44824380221699,7.16435533507775,2.919,2.0,0.08335251045538587,0.08335251045538587,0.216,2.781,2.0,0.08719211419919456,0.08719211419919456,0.283,2.746,2.0,0.09284225869023147,0.09284225869023147,0.283,2.871,2.0,0.10005222891556687,0.10005222891556687,0.264,39.67529368400574,4.762593507766724
