,Method,MSE,Med MSE,SINGLE 1 Avg Regret,SINGLE 1 Med Regret,SINGLE 1 Avg Relative Regret,SINGLE 1 Med Relative Regret,SINGLE 1 Optimality Rate,SINGLE 2 Avg Regret,SINGLE 2 Med Regret,SINGLE 2 Avg Relative Regret,SINGLE 2 Med Relative Regret,SINGLE 2 Optimality Rate,SINGLE 3 Avg Regret,SINGLE 3 Med Regret,SINGLE 3 Avg Relative Regret,SINGLE 3 Med Relative Regret,SINGLE 3 Optimality Rate,MULTI 1 Avg Regret,MULTI 1 Med Regret,MULTI 1 Avg Relative Regret,MULTI 1 Med Relative Regret,MULTI 1 Optimality Rate,Elapsed,Elapsed Val
0,separated,"[33.88462844815292, 33.31214602201326, 33.289454715216124, 33.54325072986681]","[32.732079644506186, 32.57945693671873, 32.44609107841718, 32.43481797127328]",7.96,8.0,0.18918918867786705,0.19399981122424653,0.006,5.886,5.0,0.1612903220603538,0.17159872113564115,0.065,6.56,6.0,0.18918918867786705,0.1982646312207777,0.018,6.027,5.0,0.17647058771626298,0.1898610974079429,0.053,132.72901129722595,118.14237213134766
1,comb,33.053624796701584,31.995836301783918,8.426,8.0,0.20585778030706636,0.20585778030706636,0.007,6.84,6.0,0.19520791081618796,0.19520791081618796,0.032,6.722,6.0,0.2016977168084714,0.2016977168084714,0.021,6.67,6.0,0.209962677292565,0.209962677292565,0.044,126.155601978302,134.0178825855255
2,gradnorm,32.95379411325194,32.165328690122394,8.365,8.0,0.20380670016216298,0.20380670016216298,0.004,6.59,6.0,0.19004257040394262,0.19004257040394262,0.037,6.567,6.0,0.19751403161850506,0.19751403161850506,0.023,6.43,6.0,0.20219524717362922,0.20219524717362922,0.057,163.26980805397034,155.30691957473755
