,Method,MSE,Med MSE,SINGLE 1 Avg Regret,SINGLE 1 Med Regret,SINGLE 1 Avg Relative Regret,SINGLE 1 Med Relative Regret,SINGLE 1 Optimality Rate,SINGLE 2 Avg Regret,SINGLE 2 Med Regret,SINGLE 2 Avg Relative Regret,SINGLE 2 Med Relative Regret,SINGLE 2 Optimality Rate,SINGLE 3 Avg Regret,SINGLE 3 Med Regret,SINGLE 3 Avg Relative Regret,SINGLE 3 Med Relative Regret,SINGLE 3 Optimality Rate,MULTI 1 Avg Regret,MULTI 1 Med Regret,MULTI 1 Avg Relative Regret,MULTI 1 Med Relative Regret,MULTI 1 Optimality Rate,Elapsed,Elapsed Val
0,separated+mse,"[3.719826042305354, 3.7361646907598463, 3.7499551372523245, 3.67688822339562]","[2.2317557228776073, 2.083587638303645, 2.2233555146727877, 2.0866386100270784]",2.6,2.0,0.05997122811552447,0.06919434118239581,0.27,3.22,2.0,0.08623253032997402,0.09144106893880793,0.21,2.89,1.0,0.0727513223590465,0.09197623303629504,0.29,2.92,1.5,0.07619738715108454,0.0962852335558564,0.23,58.91329550743103,5.986023902893066
1,comb+mse,4.3893341192722986,2.518339337645772,2.97,2.0,0.07565903660128731,0.07565903660128731,0.23,3.22,2.0,0.09440083277407554,0.09440083277407554,0.24,3.13,1.5,0.09749126975186692,0.09749126975186692,0.26,3.04,2.0,0.10148532013689278,0.10148532013689278,0.24,43.423627614974976,4.656375408172607
2,gradnorm+mse,3.920661971287444,2.241500676953569,2.8,2.0,0.08139262277541649,0.08139262277541649,0.19,2.85,2.0,0.09153322219203135,0.09153322219203135,0.21,2.88,1.0,0.09209678291966097,0.09209678291966097,0.24,2.8,2.0,0.09576757491532716,0.09576757491532716,0.2,44.27570676803589,4.069941282272339
