,Method,MSE,Med MSE,SINGLE 1 Avg Regret,SINGLE 1 Med Regret,SINGLE 1 Avg Relative Regret,SINGLE 1 Med Relative Regret,SINGLE 1 Optimality Rate,SINGLE 2 Avg Regret,SINGLE 2 Med Regret,SINGLE 2 Avg Relative Regret,SINGLE 2 Med Relative Regret,SINGLE 2 Optimality Rate,SINGLE 3 Avg Regret,SINGLE 3 Med Regret,SINGLE 3 Avg Relative Regret,SINGLE 3 Med Relative Regret,SINGLE 3 Optimality Rate,MULTI 1 Avg Regret,MULTI 1 Med Regret,MULTI 1 Avg Relative Regret,MULTI 1 Med Relative Regret,MULTI 1 Optimality Rate,Elapsed,Elapsed Val
0,separated,"[20.447294312308205, 20.812612666878007, 20.025557999237243, 21.01531850696339]","[7.36134628814611, 7.678522709546678, 7.872027398764931, 7.951000785422512]",3.07,2.0,0.05955188654374054,0.0809454951732122,0.28,2.72,2.0,0.06666666622222223,0.07947129039884408,0.28,2.98,1.0,0.054093566958636846,0.08790879547123667,0.35,3.14,1.5,0.07362240266428877,0.10407584969198735,0.31,321.3092534542084,37.71453380584717
1,comb,19.028733182618982,7.231001937427023,2.66,2.0,0.07315137981041397,0.07315137981041397,0.28,2.5,1.0,0.07254585428224636,0.07254585428224636,0.33,3.11,1.0,0.08963760132652415,0.08963760132652415,0.42,2.56,1.0,0.08373151722657518,0.08373151722657518,0.4,264.47014594078064,31.577462434768677
2,gradnorm,20.280737591442357,7.937209566403265,2.78,2.0,0.07560158434885428,0.07560158434885428,0.24,2.84,2.0,0.08378220000695244,0.08378220000695244,0.31,2.89,1.5,0.09176932230687376,0.09176932230687376,0.34,3.11,1.5,0.10211557632777277,0.10211557632777277,0.3,133.5116889476776,15.633227586746216
