,Method,MSE,Med MSE,SINGLE 1 Avg Regret,SINGLE 1 Med Regret,SINGLE 1 Avg Relative Regret,SINGLE 1 Med Relative Regret,SINGLE 1 Optimality Rate,SINGLE 2 Avg Regret,SINGLE 2 Med Regret,SINGLE 2 Avg Relative Regret,SINGLE 2 Med Relative Regret,SINGLE 2 Optimality Rate,SINGLE 3 Avg Regret,SINGLE 3 Med Regret,SINGLE 3 Avg Relative Regret,SINGLE 3 Med Relative Regret,SINGLE 3 Optimality Rate,MULTI 1 Avg Regret,MULTI 1 Med Regret,MULTI 1 Avg Relative Regret,MULTI 1 Med Relative Regret,MULTI 1 Optimality Rate,Elapsed,Elapsed Val
0,separated,"[12.590071715749728, 12.315730562054197, 13.003830443740727, 11.081250369260408]","[3.3489914585170975, 2.9531705625095577, 3.27339641416035, 2.4507404775097132]",2.36,2.0,0.01954418129295066,0.020577213187717432,0.2,3.05,2.0,0.024640760954239282,0.025358489378709877,0.16,2.93,2.0,0.020964452717907173,0.025775574077399558,0.09,3.08,2.0,0.02430145610230657,0.026977939913489294,0.17,387.795348405838,46.35881280899048
1,comb,9.072421745202284,2.0324222822596107,2.15,2.0,0.020445866810719172,0.020445866810719172,0.2,2.92,2.0,0.024938409104896832,0.024938409104896832,0.11,3.11,2.0,0.026562228557564686,0.026562228557564686,0.13,3.37,2.0,0.029810955911435205,0.029810955911435205,0.15,532.5313107967377,60.41778016090393
2,gradnorm,9.579864655317369,2.0694443398184625,2.47,2.0,0.022150597572599497,0.022150597572599497,0.14,3.3,2.0,0.02829200479881917,0.02829200479881917,0.11,2.81,2.0,0.024445427016169183,0.024445427016169183,0.15,3.13,2.0,0.02763693562735299,0.02763693562735299,0.15,417.6739318370819,48.313830852508545
