,Method,MSE,Med MSE,SINGLE 1 Avg Regret,SINGLE 1 Med Regret,SINGLE 1 Avg Relative Regret,SINGLE 1 Med Relative Regret,SINGLE 1 Optimality Rate,SINGLE 2 Avg Regret,SINGLE 2 Med Regret,SINGLE 2 Avg Relative Regret,SINGLE 2 Med Relative Regret,SINGLE 2 Optimality Rate,SINGLE 3 Avg Regret,SINGLE 3 Med Regret,SINGLE 3 Avg Relative Regret,SINGLE 3 Med Relative Regret,SINGLE 3 Optimality Rate,MULTI 1 Avg Regret,MULTI 1 Med Regret,MULTI 1 Avg Relative Regret,MULTI 1 Med Relative Regret,MULTI 1 Optimality Rate,Elapsed,Elapsed Val
0,separated,"[21.82986314765433, 20.926266273154454, 23.272048434804255, 23.725789203551052]","[9.760518698798267, 8.701605967368732, 10.18155787057512, 10.80439078225914]",7.634,5.0,0.18868670850770422,0.2080550136309002,0.048,7.642,5.5,0.21272727226365473,0.2293360596803068,0.057,8.019,6.0,0.23809523696145124,0.2522071293660649,0.05,7.603,6.0,0.2499999979166667,0.2621824481721122,0.053,20.926405429840088,84.18504476547241
1,comb,20.885978266040517,8.739087137739105,7.435,5.0,0.1981036918663138,0.1981036918663138,0.048,6.797,5.0,0.20143079636887679,0.20143079636887679,0.074,6.658,5.0,0.2114628781490689,0.2114628781490689,0.078,6.358,5.0,0.21496276901986516,0.21496276901986516,0.09,23.16175889968872,101.48836135864258
2,gradnorm,23.768174824918127,10.625811917709921,7.6,6.0,0.20420132106942362,0.20420132106942362,0.036,7.134,5.0,0.21122531466018657,0.21122531466018657,0.074,7.066,5.0,0.22164014166797666,0.22164014166797666,0.078,6.564,5.0,0.21779749298458315,0.21779749298458315,0.085,10.647868394851685,43.55980825424194
