,Method,MSE,Med MSE,SINGLE 1 Avg Regret,SINGLE 1 Med Regret,SINGLE 1 Avg Relative Regret,SINGLE 1 Med Relative Regret,SINGLE 1 Optimality Rate,SINGLE 2 Avg Regret,SINGLE 2 Med Regret,SINGLE 2 Avg Relative Regret,SINGLE 2 Med Relative Regret,SINGLE 2 Optimality Rate,SINGLE 3 Avg Regret,SINGLE 3 Med Regret,SINGLE 3 Avg Relative Regret,SINGLE 3 Med Relative Regret,SINGLE 3 Optimality Rate,MULTI 1 Avg Regret,MULTI 1 Med Regret,MULTI 1 Avg Relative Regret,MULTI 1 Med Relative Regret,MULTI 1 Optimality Rate,Elapsed,Elapsed Val
0,separated,"[20.008508772045825, 18.51350130158293, 18.679859260567895, 19.28219052455991]","[16.696713197475617, 15.841433398059735, 15.74909305895584, 16.560459921777138]",5.189,4.0,0.1395348833964305,0.15080453052108284,0.039,5.134,5.0,0.1666666661111111,0.17397261207407425,0.058,4.769,4.0,0.15789473601108034,0.17058115223833695,0.07,5.306,5.0,0.18518518449931412,0.19835179024268382,0.079,179.32020044326782,156.62137532234192
1,comb,18.486394983408697,15.637239886843705,5.473,5.0,0.15830689300919965,0.15830689300919965,0.046,4.909,4.0,0.16444170891376406,0.16444170891376406,0.069,4.824,4.0,0.17106412543537888,0.17106412543537888,0.068,5.201,5.0,0.19236658061888373,0.19236658061888373,0.093,230.21947717666626,219.18945407867432
2,gradnorm,18.912785822236714,16.14932681764859,5.633,5.0,0.16344055318326037,0.16344055318326037,0.038,5.009,4.0,0.16764622972573978,0.16764622972573978,0.055,4.763,4.0,0.17022100523794279,0.17022100523794279,0.063,4.854,4.0,0.18162826387524686,0.18162826387524686,0.095,117.67801690101624,126.018718957901
