,Method,MSE,Med MSE,SINGLE 1 Avg Regret,SINGLE 1 Med Regret,SINGLE 1 Avg Relative Regret,SINGLE 1 Med Relative Regret,SINGLE 1 Optimality Rate,SINGLE 2 Avg Regret,SINGLE 2 Med Regret,SINGLE 2 Avg Relative Regret,SINGLE 2 Med Relative Regret,SINGLE 2 Optimality Rate,SINGLE 3 Avg Regret,SINGLE 3 Med Regret,SINGLE 3 Avg Relative Regret,SINGLE 3 Med Relative Regret,SINGLE 3 Optimality Rate,MULTI 1 Avg Regret,MULTI 1 Med Regret,MULTI 1 Avg Relative Regret,MULTI 1 Med Relative Regret,MULTI 1 Optimality Rate,Elapsed,Elapsed Val
0,separated+mse,"[3.5714582284230865, 3.626683560049378, 3.6078257893930914, 3.6020566053355902]","[2.4595034602185124, 2.2959570614890827, 2.4073995167986366, 2.377037090470208]",3.99,3.0,0.09307359275360282,0.10263585915446374,0.16,4.06,3.0,0.09302325559762033,0.10759248655486914,0.15,3.99,3.0,0.10668563257832211,0.1166546506404857,0.13,3.79,3.0,0.11111111018518519,0.11748535785341922,0.14,205.99440455436707,22.957542657852173
1,comb+mse,3.7856755481687463,2.5874259604603216,3.76,2.5,0.09450425562947175,0.09450425562947175,0.16,4.15,3.0,0.11348007033793925,0.11348007033793925,0.12,3.35,2.0,0.10705529802846778,0.10705529802846778,0.22,4.0,3.5,0.12767661276410444,0.12767661276410444,0.12,184.3385579586029,20.945878744125366
2,gradnorm+mse,3.293937772860247,2.0393192098251918,4.2,3.0,0.10070625391512991,0.10070625391512991,0.17,3.5,2.0,0.10069957736537023,0.10069957736537023,0.17,3.34,3.0,0.10751600350452817,0.10751600350452817,0.19,4.02,3.5,0.12558568170259365,0.12558568170259365,0.15,200.80341172218323,22.703388452529907
