,Method,MSE,Med MSE,SINGLE 1 Avg Regret,SINGLE 1 Med Regret,SINGLE 1 Avg Relative Regret,SINGLE 1 Med Relative Regret,SINGLE 1 Optimality Rate,SINGLE 2 Avg Regret,SINGLE 2 Med Regret,SINGLE 2 Avg Relative Regret,SINGLE 2 Med Relative Regret,SINGLE 2 Optimality Rate,SINGLE 3 Avg Regret,SINGLE 3 Med Regret,SINGLE 3 Avg Relative Regret,SINGLE 3 Med Relative Regret,SINGLE 3 Optimality Rate,MULTI 1 Avg Regret,MULTI 1 Med Regret,MULTI 1 Avg Relative Regret,MULTI 1 Med Relative Regret,MULTI 1 Optimality Rate,Elapsed,Elapsed Val
0,separated+mse,"[3.702428178926611, 3.911253048331901, 3.988397514804996, 3.972517727407905]","[2.4655794476782393, 2.8261165912621826, 2.803577187322293, 2.758716248385996]",6.85,5.0,0.12097560936737656,0.12930362120395483,0.06,6.74,5.0,0.14421338140704656,0.15426519808879857,0.07,7.04,5.0,0.15873460196321332,0.16718123778173616,0.07,6.55,5.0,0.15863337182536125,0.16724936665132195,0.07,326.619295835495,34.36558556556702
1,comb+mse,4.878201124550841,3.347467655294655,6.86,4.5,0.12670837488038125,0.12670837488038125,0.08,6.02,4.0,0.13770933769414437,0.13770933769414437,0.04,5.73,4.0,0.13995785773621394,0.13995785773621394,0.08,6.48,5.0,0.1569723134540848,0.1569723134540848,0.1,227.02255368232727,25.210877180099487
2,gradnorm+mse,3.55030425045501,2.35125610924007,6.5,4.5,0.11937683384184966,0.11937683384184966,0.08,6.27,5.0,0.1409559147225177,0.1409559147225177,0.06,5.67,4.5,0.13620908795171893,0.13620908795171893,0.1,6.66,4.0,0.15857291877824475,0.15857291877824475,0.09,213.39536094665527,23.779016494750977
