,Method,MSE,Med MSE,SINGLE 1 Avg Regret,SINGLE 1 Med Regret,SINGLE 1 Avg Relative Regret,SINGLE 1 Med Relative Regret,SINGLE 1 Optimality Rate,SINGLE 2 Avg Regret,SINGLE 2 Med Regret,SINGLE 2 Avg Relative Regret,SINGLE 2 Med Relative Regret,SINGLE 2 Optimality Rate,SINGLE 3 Avg Regret,SINGLE 3 Med Regret,SINGLE 3 Avg Relative Regret,SINGLE 3 Med Relative Regret,SINGLE 3 Optimality Rate,MULTI 1 Avg Regret,MULTI 1 Med Regret,MULTI 1 Avg Relative Regret,MULTI 1 Med Relative Regret,MULTI 1 Optimality Rate,Elapsed,Elapsed Val
0,separated,"[19.719686624176028, 20.215541535373028, 20.031345512471155, 20.34070880468015]","[7.575547707870703, 7.828997124709769, 7.7592502900846245, 7.883316186349283]",3.127,2.0,0.0749999998125,0.08706585544205149,0.223,3.278,2.0,0.08571428546938775,0.10003315691018583,0.245,3.252,2.0,0.09090909008264464,0.1067609578665435,0.242,3.11,2.0,0.09449404731904806,0.10564058121234123,0.266,65.87962293624878,13.165932893753052
1,comb,18.930924714986563,7.010259261399626,3.073,2.0,0.08869365817002386,0.08869365817002386,0.206,3.135,2.0,0.09685433629608431,0.09685433629608431,0.247,3.023,2.0,0.09975224954264832,0.09975224954264832,0.272,3.174,2.0,0.10761742962639011,0.10761742962639011,0.273,61.945380449295044,13.703190565109253
2,gradnorm,18.913979754934363,6.889301195279099,3.464,2.0,0.09330909019356107,0.09330909019356107,0.215,3.166,2.0,0.09414156780797117,0.09414156780797117,0.252,2.962,2.0,0.09843376798007163,0.09843376798007163,0.267,2.998,2.0,0.10313903251582075,0.10313903251582075,0.269,52.72036838531494,10.136109828948975
