,Method,MSE,Med MSE,SINGLE 1 Avg Regret,SINGLE 1 Med Regret,SINGLE 1 Avg Relative Regret,SINGLE 1 Med Relative Regret,SINGLE 1 Optimality Rate,SINGLE 2 Avg Regret,SINGLE 2 Med Regret,SINGLE 2 Avg Relative Regret,SINGLE 2 Med Relative Regret,SINGLE 2 Optimality Rate,SINGLE 3 Avg Regret,SINGLE 3 Med Regret,SINGLE 3 Avg Relative Regret,SINGLE 3 Med Relative Regret,SINGLE 3 Optimality Rate,MULTI 1 Avg Regret,MULTI 1 Med Regret,MULTI 1 Avg Relative Regret,MULTI 1 Med Relative Regret,MULTI 1 Optimality Rate,Elapsed,Elapsed Val
0,separated,"[10.256948345048961, 10.82388075239928, 10.333522153087731, 10.464538614383581]","[3.709765042945139, 3.852859673137398, 3.988926974281176, 3.7758725852405646]",2.21,1.0,0.020833333289930554,0.021358504366246405,0.17,2.44,2.0,0.022060016200262583,0.02609871595636922,0.13,2.5,2.0,0.027143908695762643,0.027226699564077833,0.16,2.69,2.0,0.022991543320403117,0.028538361862491802,0.11,66.47683620452881,5.421452045440674
1,comb,9.625902713157755,3.103505419345942,2.01,2.0,0.020962339023871873,0.020962339023871873,0.2,2.38,2.0,0.02571932417440277,0.02571932417440277,0.16,2.56,2.0,0.028420383736027587,0.028420383736027587,0.13,3.04,2.0,0.03298533132646406,0.03298533132646406,0.08,71.44140076637268,5.961455345153809
2,gradnorm,9.55819852431826,3.2161670540145715,2.1,1.0,0.02095373734634924,0.02095373734634924,0.2,2.33,2.0,0.025439205565022105,0.025439205565022105,0.11,2.43,2.0,0.026733959533773114,0.026733959533773114,0.16,2.97,2.0,0.03380957629654486,0.03380957629654486,0.07,73.76251745223999,6.2124505043029785
