,Method,MSE,Med MSE,SINGLE 1 Avg Regret,SINGLE 1 Med Regret,SINGLE 1 Avg Relative Regret,SINGLE 1 Med Relative Regret,SINGLE 1 Optimality Rate,SINGLE 2 Avg Regret,SINGLE 2 Med Regret,SINGLE 2 Avg Relative Regret,SINGLE 2 Med Relative Regret,SINGLE 2 Optimality Rate,SINGLE 3 Avg Regret,SINGLE 3 Med Regret,SINGLE 3 Avg Relative Regret,SINGLE 3 Med Relative Regret,SINGLE 3 Optimality Rate,MULTI 1 Avg Regret,MULTI 1 Med Regret,MULTI 1 Avg Relative Regret,MULTI 1 Med Relative Regret,MULTI 1 Optimality Rate,Elapsed,Elapsed Val
0,separated,"[15.369619229457307, 15.642381493339558, 15.65757374074145, 15.334827203278403]","[7.7278933878233005, 6.8952834830582255, 7.771408298378902, 7.076468298385954]",3.03,2.0,0.09999999933333334,0.09883001872030306,0.2,2.9,2.0,0.07692307633136096,0.09647394264491192,0.22,2.8,2.0,0.0833333329861111,0.09441516275587372,0.3,2.42,2.0,0.08012820448512492,0.09797616727984655,0.29,78.75087428092957,5.7589850425720215
1,comb,14.773831645243618,6.984302238558232,2.75,2.0,0.08144357606768768,0.08144357606768768,0.26,2.56,1.5,0.0880073387487753,0.0880073387487753,0.26,2.18,1.0,0.07673003596029662,0.07673003596029662,0.36,2.15,1.0,0.07854059497611461,0.07854059497611461,0.34,82.34817600250244,6.139916658401489
2,gradnorm,14.73280854572898,7.022833622177051,3.16,2.0,0.09636254689820432,0.09636254689820432,0.22,2.43,1.0,0.08275291624045894,0.08275291624045894,0.33,2.38,1.0,0.08699593881317702,0.08699593881317702,0.33,2.25,1.0,0.08749809483550447,0.08749809483550447,0.31,83.39211964607239,6.393793344497681
