,Method,MSE,Med MSE,SINGLE 1 Avg Regret,SINGLE 1 Med Regret,SINGLE 1 Avg Relative Regret,SINGLE 1 Med Relative Regret,SINGLE 1 Optimality Rate,SINGLE 2 Avg Regret,SINGLE 2 Med Regret,SINGLE 2 Avg Relative Regret,SINGLE 2 Med Relative Regret,SINGLE 2 Optimality Rate,SINGLE 3 Avg Regret,SINGLE 3 Med Regret,SINGLE 3 Avg Relative Regret,SINGLE 3 Med Relative Regret,SINGLE 3 Optimality Rate,MULTI 1 Avg Regret,MULTI 1 Med Regret,MULTI 1 Avg Relative Regret,MULTI 1 Med Relative Regret,MULTI 1 Optimality Rate,Elapsed,Elapsed Val
0,separated,"[10.639393283531735, 10.523079342448527, 11.21051900500273, 10.21024830725346]","[4.085323470841525, 4.0492818360250435, 4.150591802569278, 3.6792739171769986]",0.24,0.0,0.0,0.01655501714476444,0.8,0.28,0.0,0.0,0.01934684663988393,0.8,0.28,0.0,0.0,0.020022180067428428,0.79,0.34,0.0,0.0,0.023351208615878746,0.78,25.719574451446533,2.588834524154663
1,comb,9.777621957635017,3.616084179609377,0.27,0.0,0.01955899559425795,0.01955899559425795,0.8,0.27,0.0,0.01955899559425795,0.01955899559425795,0.8,0.27,0.0,0.01955899559425795,0.01955899559425795,0.8,0.27,0.0,0.018036574923559222,0.018036574923559222,0.82,20.344151496887207,2.301466464996338
2,gradnorm,10.15241433263804,3.761405504846496,0.28,0.0,0.016498166701784236,0.016498166701784236,0.82,0.28,0.0,0.016498166701784236,0.016498166701784236,0.82,0.28,0.0,0.016498166701784236,0.016498166701784236,0.82,0.33,0.0,0.019892412647682732,0.019892412647682732,0.8,17.017701148986816,1.7466480731964111
