,Method,MSE,Med MSE,SINGLE 1 Avg Regret,SINGLE 1 Med Regret,SINGLE 1 Avg Relative Regret,SINGLE 1 Med Relative Regret,SINGLE 1 Optimality Rate,SINGLE 2 Avg Regret,SINGLE 2 Med Regret,SINGLE 2 Avg Relative Regret,SINGLE 2 Med Relative Regret,SINGLE 2 Optimality Rate,SINGLE 3 Avg Regret,SINGLE 3 Med Regret,SINGLE 3 Avg Relative Regret,SINGLE 3 Med Relative Regret,SINGLE 3 Optimality Rate,MULTI 1 Avg Regret,MULTI 1 Med Regret,MULTI 1 Avg Relative Regret,MULTI 1 Med Relative Regret,MULTI 1 Optimality Rate,Elapsed,Elapsed Val
0,separated+mse,"[3.1130460528184374, 2.9898819327453783, 3.0654735626960594, 3.035638059144281]","[1.898959817657075, 1.8239770120304315, 1.8148573299463973, 1.7843119035558628]",1.89,1.0,0.017700501229494278,0.019026188509118244,0.25,2.28,2.0,0.024099883797892546,0.026125845925081416,0.13,2.2,2.0,0.02072594498485262,0.02412585450044085,0.16,2.38,2.0,0.021352583567655743,0.025794645626576313,0.15,26.53915500640869,2.154268264770508
1,comb+mse,3.2814944066588727,1.8312763763130566,1.94,1.0,0.02080807530029199,0.02080807530029199,0.2,2.01,1.0,0.022141522965388717,0.022141522965388717,0.21,1.97,1.5,0.02311425214994665,0.02311425214994665,0.2,2.1,2.0,0.024123488771821456,0.024123488771821456,0.18,24.30247926712036,2.0728366374969482
2,gradnorm+mse,3.2382614103076666,1.8824004423226295,2.08,2.0,0.02340198457305588,0.02340198457305588,0.18,2.2,2.0,0.025325591363662848,0.025325591363662848,0.14,2.16,2.0,0.025129776203874403,0.025129776203874403,0.14,2.27,2.0,0.026044721107757254,0.026044721107757254,0.14,24.834001302719116,1.898789405822754
