,Method,MSE,Med MSE,SINGLE 1 Avg Regret,SINGLE 1 Med Regret,SINGLE 1 Avg Relative Regret,SINGLE 1 Med Relative Regret,SINGLE 1 Optimality Rate,SINGLE 2 Avg Regret,SINGLE 2 Med Regret,SINGLE 2 Avg Relative Regret,SINGLE 2 Med Relative Regret,SINGLE 2 Optimality Rate,SINGLE 3 Avg Regret,SINGLE 3 Med Regret,SINGLE 3 Avg Relative Regret,SINGLE 3 Med Relative Regret,SINGLE 3 Optimality Rate,MULTI 1 Avg Regret,MULTI 1 Med Regret,MULTI 1 Avg Relative Regret,MULTI 1 Med Relative Regret,MULTI 1 Optimality Rate,Elapsed,Elapsed Val
0,separated+mse,"[3.0469565759735686, 2.9795505356087113, 3.133518146687884, 3.0191712519430554]","[1.9925718913130581, 1.9996223378345146, 2.1288505703747633, 1.9788363274982306]",2.86,2.0,0.07846153800568048,0.08681191143447187,0.27,2.49,1.0,0.05798319302266789,0.07917370873162655,0.32,2.44,1.0,0.07106812426620952,0.08074082423281143,0.32,1.93,1.0,0.04673913021526464,0.06785114894987129,0.35,19.958519220352173,1.655573844909668
1,comb+mse,3.8067795072359205,2.4237106176215075,2.65,2.0,0.08949380833690211,0.08949380833690211,0.24,2.26,1.0,0.07823645297758355,0.07823645297758355,0.32,2.33,1.0,0.07918864181660776,0.07918864181660776,0.3,2.21,1.0,0.08524370638912078,0.08524370638912078,0.32,13.862478971481323,1.22855544090271
2,gradnorm+mse,3.6122715836243513,2.30167601134655,2.85,2.0,0.09466794556427821,0.09466794556427821,0.23,2.12,1.0,0.07224995669456624,0.07224995669456624,0.31,2.25,1.0,0.0802411709867898,0.0802411709867898,0.35,2.1,1.0,0.08160762025485573,0.08160762025485573,0.35,14.905089855194092,1.3326971530914307
