,Method,MSE,Med MSE,SINGLE 1 Avg Regret,SINGLE 1 Med Regret,SINGLE 1 Avg Relative Regret,SINGLE 1 Med Relative Regret,SINGLE 1 Optimality Rate,SINGLE 2 Avg Regret,SINGLE 2 Med Regret,SINGLE 2 Avg Relative Regret,SINGLE 2 Med Relative Regret,SINGLE 2 Optimality Rate,SINGLE 3 Avg Regret,SINGLE 3 Med Regret,SINGLE 3 Avg Relative Regret,SINGLE 3 Med Relative Regret,SINGLE 3 Optimality Rate,MULTI 1 Avg Regret,MULTI 1 Med Regret,MULTI 1 Avg Relative Regret,MULTI 1 Med Relative Regret,MULTI 1 Optimality Rate,Elapsed,Elapsed Val
0,separated,"[16.929452701087556, 16.616004067362272, 17.04512896219492, 16.914628910490226]","[10.654623802419078, 10.681313206498647, 10.683453467072841, 10.718775811972664]",4.692,4.0,0.13157894702216066,0.13921813591475302,0.08,4.917,4.0,0.15151515105601468,0.16178254042152895,0.097,4.768,4.0,0.15384615325443787,0.16586873502235103,0.11,4.915,4.0,0.1739130427221172,0.17857838512051533,0.119,153.31600046157837,124.79020261764526
1,comb,16.403306866638733,10.199297197067107,4.765,4.0,0.13927053374039844,0.13927053374039844,0.089,4.376,4.0,0.1437234295124851,0.1437234295124851,0.111,4.127,3.0,0.14543089760597647,0.14543089760597647,0.143,4.391,3.0,0.16166637340987877,0.16166637340987877,0.139,78.86175894737244,77.82988452911377
2,gradnorm,16.401246896316714,10.211720534572759,4.907,4.0,0.14262584394799216,0.14262584394799216,0.091,4.599,4.0,0.14980124056175909,0.14980124056175909,0.1,4.243,3.0,0.15036351961216815,0.15036351961216815,0.124,4.249,3.0,0.1586078662537305,0.1586078662537305,0.128,89.81213450431824,87.2170660495758
