,Method,MSE,Med MSE,SINGLE 1 Avg Regret,SINGLE 1 Med Regret,SINGLE 1 Avg Relative Regret,SINGLE 1 Med Relative Regret,SINGLE 1 Optimality Rate,SINGLE 2 Avg Regret,SINGLE 2 Med Regret,SINGLE 2 Avg Relative Regret,SINGLE 2 Med Relative Regret,SINGLE 2 Optimality Rate,SINGLE 3 Avg Regret,SINGLE 3 Med Regret,SINGLE 3 Avg Relative Regret,SINGLE 3 Med Relative Regret,SINGLE 3 Optimality Rate,MULTI 1 Avg Regret,MULTI 1 Med Regret,MULTI 1 Avg Relative Regret,MULTI 1 Med Relative Regret,MULTI 1 Optimality Rate,Elapsed,Elapsed Val
0,separated,"[18.670052629939054, 19.338507265885895, 18.10471888966929, 18.668653204786672]","[7.844829704561946, 8.30284001164955, 7.5285014121590175, 8.030100591737899]",7.613,6.0,0.17974358948688582,0.18928605813043123,0.042,7.503,6.0,0.19292803902023595,0.20651453823052063,0.053,7.066,5.0,0.19354838662851198,0.20835039819409543,0.069,7.648,6.0,0.22222222098765432,0.23135330637800597,0.059,113.420405626297,117.61291027069092
1,comb,17.08948916605818,6.792318723515153,6.291,5.0,0.15666814328993486,0.15666814328993486,0.064,6.2859999816646654,5.0,0.17093137802760236,0.17093137802760236,0.083,6.067,4.0,0.17573849605769298,0.17573849605769298,0.101,6.35,5.0,0.19192131746147556,0.19192131746147556,0.088,100.07823967933655,101.60354900360107
2,gradnorm,17.1960963080578,6.844829547809267,6.229,5.0,0.15797442971021433,0.15797442971021433,0.067,6.296999953334922,5.0,0.1745717753056503,0.1745717753056503,0.072,5.950999953334922,4.0,0.17381039372498452,0.17381039372498452,0.094,6.355,5.0,0.19193740078336863,0.19193740078336863,0.102,90.8365249633789,90.85773396492004
