,Method,MSE,Med MSE,SINGLE 1 Avg Regret,SINGLE 1 Med Regret,SINGLE 1 Avg Relative Regret,SINGLE 1 Med Relative Regret,SINGLE 1 Optimality Rate,SINGLE 2 Avg Regret,SINGLE 2 Med Regret,SINGLE 2 Avg Relative Regret,SINGLE 2 Med Relative Regret,SINGLE 2 Optimality Rate,SINGLE 3 Avg Regret,SINGLE 3 Med Regret,SINGLE 3 Avg Relative Regret,SINGLE 3 Med Relative Regret,SINGLE 3 Optimality Rate,MULTI 1 Avg Regret,MULTI 1 Med Regret,MULTI 1 Avg Relative Regret,MULTI 1 Med Relative Regret,MULTI 1 Optimality Rate,Elapsed,Elapsed Val
0,separated,"[17.87779250098852, 17.66819775541079, 18.394096936351854, 16.87915652355729]","[6.927601568328029, 6.977680087002758, 6.942605122310984, 6.250466087916734]",4.25,3.0,0.09090909049586776,0.10925783968645708,0.18,5.44,4.0,0.13922518097294936,0.1503039065714982,0.12,4.15,3.0,0.09807626226435791,0.12534362894451498,0.17,5.04,4.0,0.13484848439041935,0.14945139287912426,0.11,473.5068871974945,51.46144461631775
1,comb,16.930316187013272,6.18656834930543,3.71,3.0,0.09401295273874738,0.09401295273874738,0.22,4.53,3.0,0.12756293409814842,0.12756293409814842,0.17,3.72,3.0,0.11578018100255658,0.11578018100255658,0.17,4.26,3.0,0.1407009866287892,0.1407009866287892,0.18,498.23924350738525,54.57418966293335
2,gradnorm,17.02589121018027,6.359083142246851,4.23,3.0,0.10805001174542399,0.10805001174542399,0.15,4.32,3.0,0.12425284015029579,0.12425284015029579,0.13,3.94,3.0,0.11703894181481328,0.11703894181481328,0.2,4.25,3.5,0.13982348465493613,0.13982348465493613,0.14,505.681759595871,55.78437304496765
