,Method,MSE,Med MSE,SINGLE 1 Avg Regret,SINGLE 1 Med Regret,SINGLE 1 Avg Relative Regret,SINGLE 1 Med Relative Regret,SINGLE 1 Optimality Rate,SINGLE 2 Avg Regret,SINGLE 2 Med Regret,SINGLE 2 Avg Relative Regret,SINGLE 2 Med Relative Regret,SINGLE 2 Optimality Rate,SINGLE 3 Avg Regret,SINGLE 3 Med Regret,SINGLE 3 Avg Relative Regret,SINGLE 3 Med Relative Regret,SINGLE 3 Optimality Rate,MULTI 1 Avg Regret,MULTI 1 Med Regret,MULTI 1 Avg Relative Regret,MULTI 1 Med Relative Regret,MULTI 1 Optimality Rate,Elapsed,Elapsed Val
0,separated,"[85.3450221038188, 86.63518973397059, 86.50196775833061, 86.681169273952]","[7.759908857689323, 8.358693763900876, 7.9480228673055375, 8.228398900732849]",7.358,3.0,0.10810810781592403,0.12634917991958217,0.186,7.939,3.0,0.12499999843750002,0.14018717533408143,0.198,7.65,3.0,0.12987012979985382,0.14860470983689358,0.221,8.488,3.0,0.14285714081632656,0.16166548883340573,0.181,142.73663997650146,129.08511757850647
1,comb,83.26597563111108,7.09037152175609,5.755,2.0,0.10229533111077914,0.10229533111077914,0.233,5.809,2.0,0.10875014842974745,0.10875014842974745,0.291,6.197,2.0,0.11913196342016766,0.11913196342016766,0.265,6.077,2.0,0.12370176501291935,0.12370176501291935,0.268,241.05856037139893,234.39101219177246
2,gradnorm,84.50487472408194,7.356837552408411,5.733,2.0,0.0999913902471929,0.0999913902471929,0.246,6.15,2.0,0.10783825559614599,0.10783825559614599,0.286,6.372,2.0,0.11448286773599124,0.11448286773599124,0.276,6.134,2.0,0.12082289481484287,0.12082289481484287,0.262,371.31360840797424,361.19330859184265
