,Method,MSE,Med MSE,SINGLE 1 Avg Regret,SINGLE 1 Med Regret,SINGLE 1 Avg Relative Regret,SINGLE 1 Med Relative Regret,SINGLE 1 Optimality Rate,SINGLE 2 Avg Regret,SINGLE 2 Med Regret,SINGLE 2 Avg Relative Regret,SINGLE 2 Med Relative Regret,SINGLE 2 Optimality Rate,SINGLE 3 Avg Regret,SINGLE 3 Med Regret,SINGLE 3 Avg Relative Regret,SINGLE 3 Med Relative Regret,SINGLE 3 Optimality Rate,MULTI 1 Avg Regret,MULTI 1 Med Regret,MULTI 1 Avg Relative Regret,MULTI 1 Med Relative Regret,MULTI 1 Optimality Rate,Elapsed,Elapsed Val
0,separated,"[21.825874675330013, 21.611047122233526, 21.840065012254758, 22.56673693918249]","[11.070130427705788, 11.10462443382262, 10.933937141624934, 11.534443519144272]",10.983,9.0,0.21089696042435413,0.21620922283900829,0.012,11.099,9.0,0.23076922943786982,0.24126048109058815,0.014,11.247,9.0,0.24999999958147323,0.2580299926392028,0.017,11.326,9.0,0.26923076819526626,0.27893264313543903,0.016,179.6100218296051,178.78635096549988
1,comb,20.094290960587763,9.888740648311643,9.873,8.0,0.19453588715480086,0.19453588715480086,0.022,9.661,8.0,0.2141638240667458,0.2141638240667458,0.018,9.17,7.0,0.21434409101575597,0.21434409101575597,0.021,9.736,7.0,0.24152096200314144,0.24152096200314144,0.034,195.634774684906,199.85451698303223
2,gradnorm,19.951280311429784,9.71747744956693,10.245,8.0,0.20203784169871336,0.20203784169871336,0.016,10.007,8.0,0.2213843293761405,0.2213843293761405,0.024,9.413,7.0,0.2162708239612182,0.2162708239612182,0.033,9.481,7.0,0.23892698468717308,0.23892698468717308,0.034,130.6843535900116,125.34252572059631
