,Method,MSE,Med MSE,SINGLE 1 Avg Regret,SINGLE 1 Med Regret,SINGLE 1 Avg Relative Regret,SINGLE 1 Med Relative Regret,SINGLE 1 Optimality Rate,SINGLE 2 Avg Regret,SINGLE 2 Med Regret,SINGLE 2 Avg Relative Regret,SINGLE 2 Med Relative Regret,SINGLE 2 Optimality Rate,SINGLE 3 Avg Regret,SINGLE 3 Med Regret,SINGLE 3 Avg Relative Regret,SINGLE 3 Med Relative Regret,SINGLE 3 Optimality Rate,MULTI 1 Avg Regret,MULTI 1 Med Regret,MULTI 1 Avg Relative Regret,MULTI 1 Med Relative Regret,MULTI 1 Optimality Rate,Elapsed,Elapsed Val
0,separated+mse,"[3.871665535411373, 3.7588691178201015, 3.7554128690490676, 3.660298352987872]","[2.233251643881654, 2.1670931291769104, 2.1718426009186222, 2.0852804292233453]",2.71,2.0,0.06480186466874772,0.07516183556840803,0.26,2.38,1.0,0.05303334656669337,0.07079239349560203,0.29,2.62,2.0,0.05634920611325271,0.07515193735125879,0.36,2.62,1.0,0.06458333304600694,0.08931057698068859,0.32,91.65084385871887,11.458314180374146
1,comb+mse,3.8945532370086395,2.3249706764836566,2.47,2.0,0.07019177699788925,0.07019177699788925,0.27,2.26,2.0,0.07097846630821308,0.07097846630821308,0.29,2.44,1.0,0.07147991306391109,0.07147991306391109,0.37,2.47,1.0,0.083495184659727,0.083495184659727,0.34,70.05766534805298,9.504605770111084
2,gradnorm+mse,3.620061314714497,1.9705084035843403,2.7,2.0,0.07716424044212292,0.07716424044212292,0.25,2.45,1.0,0.07330036434356031,0.07330036434356031,0.3,2.31,1.0,0.07086675970616171,0.07086675970616171,0.36,2.48,1.0,0.08046636213375363,0.08046636213375363,0.34,86.64983773231506,10.670133829116821
