,Method,MSE,Med MSE,SINGLE 1 Avg Regret,SINGLE 1 Med Regret,SINGLE 1 Avg Relative Regret,SINGLE 1 Med Relative Regret,SINGLE 1 Optimality Rate,SINGLE 2 Avg Regret,SINGLE 2 Med Regret,SINGLE 2 Avg Relative Regret,SINGLE 2 Med Relative Regret,SINGLE 2 Optimality Rate,SINGLE 3 Avg Regret,SINGLE 3 Med Regret,SINGLE 3 Avg Relative Regret,SINGLE 3 Med Relative Regret,SINGLE 3 Optimality Rate,MULTI 1 Avg Regret,MULTI 1 Med Regret,MULTI 1 Avg Relative Regret,MULTI 1 Med Relative Regret,MULTI 1 Optimality Rate,Elapsed,Elapsed Val
0,separated+mse,"[3.9159905647888253, 3.7997510902791136, 3.768984055906458, 3.7304988289366285]","[2.1307446060446464, 2.0833302695304634, 2.0556922148761023, 2.0032793071732042]",2.14,2.0,0.016238189397928534,0.01973571338923273,0.22,2.69,2.0,0.023392612838495887,0.024676168944453684,0.13,2.54,2.0,0.019448997588586606,0.022867652318082635,0.1,3.09,2.0,0.023392612831735476,0.02688473080445097,0.12,126.76445817947388,14.021154880523682
1,comb+mse,3.9855463683865384,2.1334809828391936,2.2,2.0,0.021105501727006207,0.021105501727006207,0.18,2.77,2.0,0.024746132621035134,0.024746132621035134,0.13,2.69,2.0,0.023664991308397096,0.023664991308397096,0.12,2.83,2.0,0.025300709769581195,0.025300709769581195,0.15,121.64118552207947,14.10753583908081
2,gradnorm+mse,3.6103364965727733,1.8729561130351073,2.1,1.5,0.02077639703532773,0.02077639703532773,0.21,2.56,2.0,0.023498612599830392,0.023498612599830392,0.18,2.54,2.0,0.022811054135677713,0.022811054135677713,0.13,2.74,2.0,0.025626515714819553,0.025626515714819553,0.14,146.2140121459961,16.220629930496216
