,Method,MSE,Med MSE,SINGLE 1 Avg Regret,SINGLE 1 Med Regret,SINGLE 1 Avg Relative Regret,SINGLE 1 Med Relative Regret,SINGLE 1 Optimality Rate,SINGLE 2 Avg Regret,SINGLE 2 Med Regret,SINGLE 2 Avg Relative Regret,SINGLE 2 Med Relative Regret,SINGLE 2 Optimality Rate,SINGLE 3 Avg Regret,SINGLE 3 Med Regret,SINGLE 3 Avg Relative Regret,SINGLE 3 Med Relative Regret,SINGLE 3 Optimality Rate,MULTI 1 Avg Regret,MULTI 1 Med Regret,MULTI 1 Avg Relative Regret,MULTI 1 Med Relative Regret,MULTI 1 Optimality Rate,Elapsed,Elapsed Val
0,separated+mse,"[3.8445989743112925, 3.792059990778915, 3.896308563822337, 3.7401156522668577]","[2.353853920323468, 2.2548013574569614, 2.3995915714611487, 2.24998638831911]",3.42,2.0,0.07549857513413041,0.08825888730575737,0.19,3.19,2.0,0.08114035047803171,0.09041774161495915,0.26,3.33,2.0,0.08391608363041388,0.09865099069852391,0.28,2.97,2.0,0.09307359270909465,0.09448659369631059,0.29,102.76595997810364,9.793955326080322
1,comb+mse,3.9191930195944384,2.401503137026527,3.37,2.0,0.08670797857008825,0.08670797857008825,0.24,3.01,2.0,0.08756970419171957,0.08756970419171957,0.33,3.3,2.0,0.09323284188200225,0.09323284188200225,0.31,2.99,2.0,0.0971428187723728,0.0971428187723728,0.27,83.95084047317505,8.109601497650146
2,gradnorm+mse,3.772340213633129,2.209852924650362,3.21,2.0,0.08469281958078348,0.08469281958078348,0.21,3.24,2.0,0.0869362273270937,0.0869362273270937,0.3,2.82,1.0,0.08016612024330716,0.08016612024330716,0.36,3.1,2.0,0.09721680856422321,0.09721680856422321,0.27,93.15341901779175,8.83223032951355
