,Method,MSE,Med MSE,SINGLE 1 Avg Regret,SINGLE 1 Med Regret,SINGLE 1 Avg Relative Regret,SINGLE 1 Med Relative Regret,SINGLE 1 Optimality Rate,SINGLE 2 Avg Regret,SINGLE 2 Med Regret,SINGLE 2 Avg Relative Regret,SINGLE 2 Med Relative Regret,SINGLE 2 Optimality Rate,SINGLE 3 Avg Regret,SINGLE 3 Med Regret,SINGLE 3 Avg Relative Regret,SINGLE 3 Med Relative Regret,SINGLE 3 Optimality Rate,MULTI 1 Avg Regret,MULTI 1 Med Regret,MULTI 1 Avg Relative Regret,MULTI 1 Med Relative Regret,MULTI 1 Optimality Rate,Elapsed,Elapsed Val
0,separated,"[24.36470550988396, 23.617255323356307, 23.595194472499298, 26.912395984327407]","[7.6897428833844135, 7.437397934407375, 8.585181387291156, 9.534302260941262]",1.79,1.0,0.02564102557527942,0.04830936535265043,0.47,2.08,1.0,0.03589743576791585,0.0638166481449544,0.46,2.2,1.0,0.04554865403640977,0.07302367149937518,0.42,1.87,1.0,0.05277777749845679,0.07843729323348275,0.4,60.89402508735657,6.563486337661743
1,comb,20.435940447530037,5.852687436250276,1.72,1.0,0.04817365627488919,0.04817365627488919,0.47,2.06,1.0,0.05671188623566081,0.05671188623566081,0.45,2.19,1.0,0.0705011870086495,0.0705011870086495,0.37,1.98,1.0,0.07598597346928483,0.07598597346928483,0.4,59.14199209213257,6.6211700439453125
2,gradnorm,20.826456479731878,5.870983662719162,1.9,1.0,0.05065342450451597,0.05065342450451597,0.44,1.74,1.0,0.05851529099776456,0.05851529099776456,0.43,1.63,1.0,0.06263052573062679,0.06263052573062679,0.45,1.47,1.0,0.06543573663310663,0.06543573663310663,0.47,54.149890422821045,5.893625736236572
