,Method,MSE,Med MSE,SINGLE 1 Avg Regret,SINGLE 1 Med Regret,SINGLE 1 Avg Relative Regret,SINGLE 1 Med Relative Regret,SINGLE 1 Optimality Rate,SINGLE 2 Avg Regret,SINGLE 2 Med Regret,SINGLE 2 Avg Relative Regret,SINGLE 2 Med Relative Regret,SINGLE 2 Optimality Rate,SINGLE 3 Avg Regret,SINGLE 3 Med Regret,SINGLE 3 Avg Relative Regret,SINGLE 3 Med Relative Regret,SINGLE 3 Optimality Rate,MULTI 1 Avg Regret,MULTI 1 Med Regret,MULTI 1 Avg Relative Regret,MULTI 1 Med Relative Regret,MULTI 1 Optimality Rate,Elapsed,Elapsed Val
0,separated,"[21.5047849466639, 21.66688626427854, 21.64709804103393, 22.283502833133184]","[6.90008938937553, 7.19451201890551, 6.539230317823247, 6.891858336572696]",2.693,2.0,0.07142857091836735,0.08625829118984231,0.285,3.018,2.0,0.0833333329861111,0.1070511964912759,0.284,3.003,2.0,0.09090909063360882,0.11046346910481304,0.306,2.784,2.0,0.09090909008264464,0.1064296555652471,0.295,23.042776823043823,19.944193363189697
1,comb,21.038229277082987,6.708252828611677,2.698,1.5,0.08340711185983551,0.08340711185983551,0.303,2.4,1.0,0.08560747926862852,0.08560747926862852,0.363,2.618,1.0,0.09766061261759952,0.09766061261759952,0.346,2.51,2.0,0.09759165010628344,0.09759165010628344,0.31,21.398120164871216,21.562543630599976
2,gradnorm,21.488851106726077,6.713839070744555,2.614,1.0,0.08136964484658794,0.08136964484658794,0.33,2.589,2.0,0.0921278148759292,0.0921278148759292,0.335,2.525,1.0,0.09495392879690755,0.09495392879690755,0.357,2.378,1.0,0.09313112528269912,0.09313112528269912,0.333,12.311340570449829,11.222983837127686
