,Method,MSE,Med MSE,SINGLE 1 Avg Regret,SINGLE 1 Med Regret,SINGLE 1 Avg Relative Regret,SINGLE 1 Med Relative Regret,SINGLE 1 Optimality Rate,SINGLE 2 Avg Regret,SINGLE 2 Med Regret,SINGLE 2 Avg Relative Regret,SINGLE 2 Med Relative Regret,SINGLE 2 Optimality Rate,SINGLE 3 Avg Regret,SINGLE 3 Med Regret,SINGLE 3 Avg Relative Regret,SINGLE 3 Med Relative Regret,SINGLE 3 Optimality Rate,MULTI 1 Avg Regret,MULTI 1 Med Regret,MULTI 1 Avg Relative Regret,MULTI 1 Med Relative Regret,MULTI 1 Optimality Rate,Elapsed,Elapsed Val
0,separated,"[45.960232865922926, 46.35169559021332, 46.10907098188542, 46.896362365676445]","[7.037957356975202, 7.306078552475219, 6.905609191582723, 7.681097078623747]",5.75,3.0,0.10817776522026938,0.12484051519871421,0.179,6.391,3.0,0.12499999843750002,0.1392825124184306,0.188,6.077,3.0,0.12499999947916667,0.14558918224000614,0.192,6.722,4.0,0.1481481475994513,0.16231600623256798,0.17,125.29953956604004,109.84742856025696
1,comb,45.41307239001535,6.876047408775337,4.912,2.0,0.10012343920199111,0.10012343920199111,0.221,4.715,2.0,0.10468913698221761,0.10468913698221761,0.26,5.172,2.0,0.11771271208673097,0.11771271208673097,0.263,5.328,2.0,0.12548463857627845,0.12548463857627845,0.242,111.71491265296936,111.23507022857666
2,gradnorm,45.444054702732736,6.745727038926741,4.753,2.0,0.09914539502564124,0.09914539502564124,0.235,4.926,2.0,0.1081981187547917,0.1081981187547917,0.256,4.927,2.0,0.11841281206824902,0.11841281206824902,0.25,5.029,2.0,0.12422942606220388,0.12422942606220388,0.239,111.70916843414307,113.14941644668579
