,Method,MSE,Med MSE,SINGLE 1 Avg Regret,SINGLE 1 Med Regret,SINGLE 1 Avg Relative Regret,SINGLE 1 Med Relative Regret,SINGLE 1 Optimality Rate,SINGLE 2 Avg Regret,SINGLE 2 Med Regret,SINGLE 2 Avg Relative Regret,SINGLE 2 Med Relative Regret,SINGLE 2 Optimality Rate,SINGLE 3 Avg Regret,SINGLE 3 Med Regret,SINGLE 3 Avg Relative Regret,SINGLE 3 Med Relative Regret,SINGLE 3 Optimality Rate,MULTI 1 Avg Regret,MULTI 1 Med Regret,MULTI 1 Avg Relative Regret,MULTI 1 Med Relative Regret,MULTI 1 Optimality Rate,Elapsed,Elapsed Val
0,separated,"[13.369178793486897, 13.736984220262588, 13.424438769034731, 13.41494573205896]","[3.9991118076831507, 3.9906962510101094, 4.099474276536756, 4.197228902526763]",2.61,2.0,0.019184762596613808,0.020824877806181755,0.19,2.97,2.0,0.023128342213242444,0.02643904150974934,0.1,3.13,2.0,0.024937810907835666,0.028220203678397827,0.08,2.83,2.0,0.0217803778756464,0.024284730300076784,0.14,44.134416341781616,2.55265474319458
1,comb,12.679522250115976,3.8974070643796104,2.9,2.0,0.02345888928931778,0.02345888928931778,0.13,2.86,2.0,0.02542066453387866,0.02542066453387866,0.13,3.05,2.0,0.027079938080774864,0.027079938080774864,0.08,3.4,2.5,0.03164397501449885,0.03164397501449885,0.08,43.74351978302002,2.8630921840667725
2,gradnorm,12.614234274463616,3.802689314923633,2.57,2.0,0.021021712156110192,0.021021712156110192,0.17,2.59,2.0,0.023124815310056314,0.023124815310056314,0.17,2.79,2.0,0.025843577361402394,0.025843577361402394,0.12,3.17,2.0,0.02863804662985297,0.02863804662985297,0.12,44.98260021209717,2.753014326095581
