,Method,MSE,Med MSE,SINGLE 1 Avg Regret,SINGLE 1 Med Regret,SINGLE 1 Avg Relative Regret,SINGLE 1 Med Relative Regret,SINGLE 1 Optimality Rate,SINGLE 2 Avg Regret,SINGLE 2 Med Regret,SINGLE 2 Avg Relative Regret,SINGLE 2 Med Relative Regret,SINGLE 2 Optimality Rate,SINGLE 3 Avg Regret,SINGLE 3 Med Regret,SINGLE 3 Avg Relative Regret,SINGLE 3 Med Relative Regret,SINGLE 3 Optimality Rate,MULTI 1 Avg Regret,MULTI 1 Med Regret,MULTI 1 Avg Relative Regret,MULTI 1 Med Relative Regret,MULTI 1 Optimality Rate,Elapsed,Elapsed Val
0,separated,"[19.358184392670648, 19.715720906138596, 19.741945598034498, 19.588515873678638]","[8.130542984689455, 8.511040115098343, 8.118272898292243, 8.164262187864534]",3.42,2.0,0.07194616946464472,0.07981696985853587,0.24,3.36,2.0,0.07793522227232869,0.09444632833051622,0.24,3.36,2.0,0.10263157842036011,0.11662214966616742,0.2,2.73,1.5,0.07340067319738348,0.0890213771656116,0.31,52.91369891166687,2.645953416824341
1,comb,18.342489004876896,7.475836121981492,2.99,2.0,0.07641102287412999,0.07641102287412999,0.24,2.81,2.0,0.08240019933565089,0.08240019933565089,0.29,2.77,2.0,0.09255409845140497,0.09255409845140497,0.25,2.63,2.0,0.09346222173095375,0.09346222173095375,0.25,53.719988107681274,2.9430150985717773
2,gradnorm,18.036013336099266,7.546514980613512,3.75,2.0,0.08353854974252205,0.08353854974252205,0.23,3.17,2.0,0.09357864597603957,0.09357864597603957,0.24,3.15,2.0,0.10819597781490449,0.10819597781490449,0.18,3.18,2.0,0.10902351941671551,0.10902351941671551,0.21,55.23588299751282,3.0924861431121826
