,Method,MSE,Med MSE,SINGLE 1 Avg Regret,SINGLE 1 Med Regret,SINGLE 1 Avg Relative Regret,SINGLE 1 Med Relative Regret,SINGLE 1 Optimality Rate,SINGLE 2 Avg Regret,SINGLE 2 Med Regret,SINGLE 2 Avg Relative Regret,SINGLE 2 Med Relative Regret,SINGLE 2 Optimality Rate,SINGLE 3 Avg Regret,SINGLE 3 Med Regret,SINGLE 3 Avg Relative Regret,SINGLE 3 Med Relative Regret,SINGLE 3 Optimality Rate,MULTI 1 Avg Regret,MULTI 1 Med Regret,MULTI 1 Avg Relative Regret,MULTI 1 Med Relative Regret,MULTI 1 Optimality Rate,Elapsed,Elapsed Val
0,separated+mse,"[5.721758803528716, 5.705818802548715, 5.606769735882623, 5.681479251604044]","[2.389780637873687, 2.4113022053404496, 2.2900606403713026, 2.1404509074015596]",1.53,1.0,0.02007226009605676,0.042023116203610454,0.49,1.68,1.0,0.032258064412070755,0.056568093458749615,0.47,1.87,1.0,0.04096989949706938,0.06902935006373373,0.43,1.48,0.5,0.010869565193761815,0.06114501290746403,0.5,48.63655686378479,4.8970561027526855
1,comb+mse,5.786918101250003,2.1339347542649896,1.94,1.0,0.05246451567863695,0.05246451567863695,0.4,1.84,1.0,0.058826320441732326,0.058826320441732326,0.44,1.71,1.0,0.059028291470440565,0.059028291470440565,0.47,1.2,0.0,0.053429061784426087,0.053429061784426087,0.53,37.71140694618225,4.222387790679932
2,gradnorm+mse,5.703994111979377,2.0801090315043314,1.92,1.0,0.05151380584111096,0.05151380584111096,0.41,1.67,1.0,0.05393665516674918,0.05393665516674918,0.43,1.9,1.0,0.0656937962920291,0.0656937962920291,0.44,1.51,1.0,0.06394932063285627,0.06394932063285627,0.47,29.48857617378235,2.9462504386901855
