,Method,MSE,Med MSE,SINGLE 1 Avg Regret,SINGLE 1 Med Regret,SINGLE 1 Avg Relative Regret,SINGLE 1 Med Relative Regret,SINGLE 1 Optimality Rate,SINGLE 2 Avg Regret,SINGLE 2 Med Regret,SINGLE 2 Avg Relative Regret,SINGLE 2 Med Relative Regret,SINGLE 2 Optimality Rate,SINGLE 3 Avg Regret,SINGLE 3 Med Regret,SINGLE 3 Avg Relative Regret,SINGLE 3 Med Relative Regret,SINGLE 3 Optimality Rate,MULTI 1 Avg Regret,MULTI 1 Med Regret,MULTI 1 Avg Relative Regret,MULTI 1 Med Relative Regret,MULTI 1 Optimality Rate,Elapsed,Elapsed Val
0,separated,"[18.601085511233794, 19.022859421056694, 19.102224230079003, 18.943350290638833]","[7.19152773061087, 7.141801611518437, 7.314858996734642, 7.284442372769737]",3.681,3.0,0.09090909049586776,0.10437555931054754,0.177,3.563,2.0,0.09478885862404532,0.1093553945528813,0.214,3.616,3.0,0.1058230681266451,0.12322422647483211,0.214,3.8,3.0,0.12499999843750002,0.1359894830224241,0.176,64.63254380226135,32.079195737838745
1,comb,18.33458437995934,7.060298952015661,3.389,2.0,0.09502312735567618,0.09502312735567618,0.216,3.251,2.0,0.10335486559380329,0.10335486559380329,0.226,3.263,2.0,0.1125686755704162,0.1125686755704162,0.213,3.602,2.0,0.12571192664342126,0.12571192664342126,0.185,50.44974708557129,25.430609703063965
2,gradnorm,18.388441884692835,6.927008283143486,3.367,2.0,0.09635852229911507,0.09635852229911507,0.205,3.18,2.0,0.10138926750312074,0.10138926750312074,0.226,3.415,2.0,0.11663265396217719,0.11663265396217719,0.222,3.598,2.0,0.12492438701559888,0.12492438701559888,0.204,65.19370293617249,34.12987661361694
