,Method,MSE,Med MSE,SINGLE 1 Avg Regret,SINGLE 1 Med Regret,SINGLE 1 Avg Relative Regret,SINGLE 1 Med Relative Regret,SINGLE 1 Optimality Rate,SINGLE 2 Avg Regret,SINGLE 2 Med Regret,SINGLE 2 Avg Relative Regret,SINGLE 2 Med Relative Regret,SINGLE 2 Optimality Rate,SINGLE 3 Avg Regret,SINGLE 3 Med Regret,SINGLE 3 Avg Relative Regret,SINGLE 3 Med Relative Regret,SINGLE 3 Optimality Rate,MULTI 1 Avg Regret,MULTI 1 Med Regret,MULTI 1 Avg Relative Regret,MULTI 1 Med Relative Regret,MULTI 1 Optimality Rate,Elapsed,Elapsed Val
0,separated,"[19.253059295395897, 19.19232454581216, 19.25872548287824, 19.200892127435846]","[7.509123653328194, 7.565273851865394, 7.436329249459382, 7.612368444422015]",3.425,2.0,0.08108108093498904,0.09578616430085876,0.204,3.473,2.0,0.09374999970703125,0.10757685341782937,0.229,3.423,2.0,0.0952380947845805,0.11082157777327709,0.238,3.421,2.0,0.1047149118951865,0.11887591209227168,0.234,76.72835206985474,24.602835416793823
1,comb,18.12097032979937,6.7811803844430045,3.07,2.0,0.08711372549574867,0.08711372549574867,0.219,3.127,2.0,0.09743935400240034,0.09743935400240034,0.243,3.041,2.0,0.09874756763450274,0.09874756763450274,0.254,3.302,2.0,0.11435973190709833,0.11435973190709833,0.227,64.41070532798767,22.36676526069641
2,gradnorm,18.459479414104656,7.167828040295349,3.101,2.0,0.0871483660106488,0.0871483660106488,0.218,3.098,2.0,0.09809616304298673,0.09809616304298673,0.247,3.213,2.0,0.10534533981230208,0.10534533981230208,0.25,3.278,2.0,0.1148899737843974,0.1148899737843974,0.237,67.09472584724426,22.747734546661377
