,Method,MSE,Med MSE,SINGLE 1 Avg Regret,SINGLE 1 Med Regret,SINGLE 1 Avg Relative Regret,SINGLE 1 Med Relative Regret,SINGLE 1 Optimality Rate,SINGLE 2 Avg Regret,SINGLE 2 Med Regret,SINGLE 2 Avg Relative Regret,SINGLE 2 Med Relative Regret,SINGLE 2 Optimality Rate,SINGLE 3 Avg Regret,SINGLE 3 Med Regret,SINGLE 3 Avg Relative Regret,SINGLE 3 Med Relative Regret,SINGLE 3 Optimality Rate,MULTI 1 Avg Regret,MULTI 1 Med Regret,MULTI 1 Avg Relative Regret,MULTI 1 Med Relative Regret,MULTI 1 Optimality Rate,Elapsed,Elapsed Val
0,separated,"[19.9096356388123, 20.7184537832625, 20.74165852386198, 20.708692025251985]","[7.896770058527141, 7.809411159274409, 8.06565902059083, 8.138069759194195]",3.203,2.0,0.07692307633136096,0.08687619625618169,0.219,3.05,2.0,0.0789473682132964,0.09549605560065248,0.26,3.03,2.0,0.09090909008264464,0.10121608630059845,0.238,3.212,2.0,0.09999999949999999,0.11253928584453933,0.238,36.920408487319946,4.960697412490845
1,comb,19.81419283901328,7.544206973642412,3.161,2.0,0.08485813329330108,0.08485813329330108,0.231,2.921,2.0,0.08936921529200174,0.08936921529200174,0.285,2.891,2.0,0.0968539045010472,0.0968539045010472,0.261,3.147,2.0,0.10638836964592434,0.10638836964592434,0.23,33.33642363548279,5.308154582977295
2,gradnorm,19.18447992905205,7.244345640014369,3.254,2.0,0.08809273855407375,0.08809273855407375,0.222,3.019,2.0,0.09406708252056763,0.09406708252056763,0.263,2.906,2.0,0.0994634864345506,0.0994634864345506,0.258,3.332,2.0,0.11339026284859827,0.11339026284859827,0.223,36.221343755722046,5.121317148208618
