,Method,MSE,Med MSE,SINGLE 1 Avg Regret,SINGLE 1 Med Regret,SINGLE 1 Avg Relative Regret,SINGLE 1 Med Relative Regret,SINGLE 1 Optimality Rate,SINGLE 2 Avg Regret,SINGLE 2 Med Regret,SINGLE 2 Avg Relative Regret,SINGLE 2 Med Relative Regret,SINGLE 2 Optimality Rate,SINGLE 3 Avg Regret,SINGLE 3 Med Regret,SINGLE 3 Avg Relative Regret,SINGLE 3 Med Relative Regret,SINGLE 3 Optimality Rate,MULTI 1 Avg Regret,MULTI 1 Med Regret,MULTI 1 Avg Relative Regret,MULTI 1 Med Relative Regret,MULTI 1 Optimality Rate,Elapsed,Elapsed Val
0,separated,"[20.154414984864736, 19.883695535980586, 20.217037930602874, 19.385831091554056]","[8.565091516130765, 8.59219114000538, 8.565668719828361, 8.27108249572191]",2.51,2.0,0.05409356706251496,0.07787957960888686,0.2,2.73,2.0,0.08896396381324315,0.09062440279251545,0.26,2.98,2.0,0.08032258042012487,0.09920424235321253,0.33,2.56,2.0,0.0869565213610586,0.0961986033770653,0.25,307.15077471733093,35.81158804893494
1,comb,18.736622171764886,7.582050116151148,2.35,2.0,0.07152830104755344,0.07152830104755344,0.23,2.62,2.0,0.09075912471582306,0.09075912471582306,0.24,2.38,1.0,0.08076639843224973,0.08076639843224973,0.35,2.52,2.0,0.09267708490435309,0.09267708490435309,0.26,164.5327844619751,19.48298478126526
2,gradnorm,18.915910496482645,7.707269869523527,2.63,2.0,0.07845466249068109,0.07845466249068109,0.2,2.33,2.0,0.0836995952673759,0.0836995952673759,0.25,2.84,2.0,0.09905859265462269,0.09905859265462269,0.3,2.7,2.0,0.10336188367185926,0.10336188367185926,0.29,136.51088428497314,15.764134883880615
