,Method,MSE,Med MSE,SINGLE 1 Avg Regret,SINGLE 1 Med Regret,SINGLE 1 Avg Relative Regret,SINGLE 1 Med Relative Regret,SINGLE 1 Optimality Rate,SINGLE 2 Avg Regret,SINGLE 2 Med Regret,SINGLE 2 Avg Relative Regret,SINGLE 2 Med Relative Regret,SINGLE 2 Optimality Rate,SINGLE 3 Avg Regret,SINGLE 3 Med Regret,SINGLE 3 Avg Relative Regret,SINGLE 3 Med Relative Regret,SINGLE 3 Optimality Rate,MULTI 1 Avg Regret,MULTI 1 Med Regret,MULTI 1 Avg Relative Regret,MULTI 1 Med Relative Regret,MULTI 1 Optimality Rate,Elapsed,Elapsed Val
0,separated,"[20.204245621015758, 19.761166827703047, 20.24900933234777, 20.374235710088403]","[8.592063896671956, 8.4751153826653, 8.763800852053174, 9.141891643293427]",6.225,5.0,0.15999999936,0.17273518677117242,0.083,6.074,5.0,0.17857142793367348,0.1903029765856062,0.085,6.026,4.0,0.18181818112947656,0.2058475293655714,0.089,6.179,4.0,0.19230769156804733,0.20760935043225534,0.089,38.72630000114441,71.72905325889587
1,comb,18.32361821645795,7.460994628411086,5.7,4.0,0.15672569505777698,0.15672569505777698,0.095,5.187,4.0,0.16246287343215277,0.16246287343215277,0.108,5.112,4.0,0.16770507619278688,0.16770507619278688,0.13,5.083,4.0,0.17561492311712965,0.17561492311712965,0.12,45.82786011695862,93.39012455940247
2,gradnorm,18.691979620113617,7.673073972892048,5.291,4.0,0.14827182096786684,0.14827182096786684,0.101,5.006,4.0,0.15760004721965645,0.15760004721965645,0.116,4.87,3.0,0.16070917665179596,0.16070917665179596,0.138,4.934,4.0,0.1696378161381957,0.1696378161381957,0.117,34.35638427734375,66.73903322219849
