,Method,MSE,Med MSE,SINGLE 1 Avg Regret,SINGLE 1 Med Regret,SINGLE 1 Avg Relative Regret,SINGLE 1 Med Relative Regret,SINGLE 1 Optimality Rate,SINGLE 2 Avg Regret,SINGLE 2 Med Regret,SINGLE 2 Avg Relative Regret,SINGLE 2 Med Relative Regret,SINGLE 2 Optimality Rate,SINGLE 3 Avg Regret,SINGLE 3 Med Regret,SINGLE 3 Avg Relative Regret,SINGLE 3 Med Relative Regret,SINGLE 3 Optimality Rate,MULTI 1 Avg Regret,MULTI 1 Med Regret,MULTI 1 Avg Relative Regret,MULTI 1 Med Relative Regret,MULTI 1 Optimality Rate,Elapsed,Elapsed Val
0,separated,"[19.116804228667903, 19.765656448622547, 19.412293653639214, 20.04955499858421]","[7.019873675074235, 7.359259621474428, 7.247856570873228, 7.830935354225006]",3.061,2.0,0.07142857121598639,0.08596120796222693,0.21,3.155,2.0,0.0833333329861111,0.0965065413429331,0.244,3.113,2.0,0.08571428546938775,0.10034387935829318,0.256,3.141,2.0,0.09374999970703125,0.10870804920721364,0.253,64.6104793548584,10.903010129928589
1,comb,18.583662946060915,6.715642538768022,3.047,2.0,0.08465746138574134,0.08465746138574134,0.227,3.0379999893267127,2.0,0.09159620124046375,0.09159620124046375,0.268,3.053,2.0,0.10062706374123244,0.10062706374123244,0.253,3.114,2.0,0.10736290385475265,0.10736290385475265,0.265,56.94918727874756,9.603323459625244
2,gradnorm,18.604623028592002,6.759869676480623,3.055,2.0,0.0844087375061979,0.0844087375061979,0.232,2.941,2.0,0.09175024070926482,0.09175024070926482,0.264,3.027,2.0,0.09937345888915362,0.09937345888915362,0.272,3.131,2.0,0.10692788238780969,0.10692788238780969,0.272,81.19752216339111,12.132310628890991
