,Method,MSE,Med MSE,SINGLE 1 Avg Regret,SINGLE 1 Med Regret,SINGLE 1 Avg Relative Regret,SINGLE 1 Med Relative Regret,SINGLE 1 Optimality Rate,SINGLE 2 Avg Regret,SINGLE 2 Med Regret,SINGLE 2 Avg Relative Regret,SINGLE 2 Med Relative Regret,SINGLE 2 Optimality Rate,SINGLE 3 Avg Regret,SINGLE 3 Med Regret,SINGLE 3 Avg Relative Regret,SINGLE 3 Med Relative Regret,SINGLE 3 Optimality Rate,MULTI 1 Avg Regret,MULTI 1 Med Regret,MULTI 1 Avg Relative Regret,MULTI 1 Med Relative Regret,MULTI 1 Optimality Rate,Elapsed,Elapsed Val
0,separated+mse,"[3.3210269171945352, 3.2990261578792475, 3.296580632497845, 3.2130473242311894]","[2.1700614454974234, 2.2278588527278087, 2.1539830197858016, 2.1810169091222926]",2.28,1.0,0.017964715985497343,0.018711158076588217,0.22,2.76,2.0,0.022727272675619834,0.024919148987311547,0.08,2.56,2.0,0.02366946777074621,0.023566842372421248,0.13,2.41,2.0,0.017318938348875466,0.021496254911187215,0.19,17.808988332748413,1.1307260990142822
1,comb+mse,3.576152615816555,2.1568041773518063,2.48,2.0,0.02245167747721179,0.02245167747721179,0.12,2.38,2.0,0.020842658230083373,0.020842658230083373,0.18,2.46,2.0,0.023380095166874802,0.023380095166874802,0.11,2.6,2.0,0.023276403390654815,0.023276403390654815,0.16,15.28497314453125,1.0088565349578857
2,gradnorm+mse,3.602948828510891,2.18180230622273,2.16,2.0,0.02048731237420757,0.02048731237420757,0.17,2.44,2.0,0.02190308767192273,0.02190308767192273,0.14,2.44,2.0,0.023682175671993523,0.023682175671993523,0.11,2.65,2.0,0.02343659053780009,0.02343659053780009,0.15,16.565696001052856,0.9594268798828125
