,Method,MSE,Med MSE,SINGLE 1 Avg Regret,SINGLE 1 Med Regret,SINGLE 1 Avg Relative Regret,SINGLE 1 Med Relative Regret,SINGLE 1 Optimality Rate,SINGLE 2 Avg Regret,SINGLE 2 Med Regret,SINGLE 2 Avg Relative Regret,SINGLE 2 Med Relative Regret,SINGLE 2 Optimality Rate,SINGLE 3 Avg Regret,SINGLE 3 Med Regret,SINGLE 3 Avg Relative Regret,SINGLE 3 Med Relative Regret,SINGLE 3 Optimality Rate,MULTI 1 Avg Regret,MULTI 1 Med Regret,MULTI 1 Avg Relative Regret,MULTI 1 Med Relative Regret,MULTI 1 Optimality Rate,Elapsed,Elapsed Val
0,separated+mse,"[3.4095136022806374, 3.508203324128744, 3.4474361341145623, 3.4434752059856844]","[2.3034207899042354, 2.3174269054339494, 2.258582176875273, 2.47765747816712]",2.74,1.5,0.0591736692593459,0.06846140315040276,0.27,3.06,2.0,0.07229965135116062,0.09435299230594671,0.24,3.0,2.0,0.0952380947845805,0.09996641280908632,0.21,2.69,1.0,0.062499999837239584,0.08641359606314956,0.31,11.556063890457153,0.8697464466094971
1,comb+mse,5.265833400027529,2.879796745893607,3.06,2.0,0.07852303189130078,0.07852303189130078,0.22,2.53,1.0,0.07789704133435946,0.07789704133435946,0.33,2.68,2.0,0.09251716855440961,0.09251716855440961,0.28,2.82,1.0,0.09301326842405447,0.09301326842405447,0.31,7.832717180252075,0.5828344821929932
2,gradnorm+mse,4.859066775130175,2.6823894665284773,2.89,2.0,0.07296789173774135,0.07296789173774135,0.27,2.82,2.0,0.08459951684959044,0.08459951684959044,0.27,2.74,2.0,0.093280619380379,0.093280619380379,0.28,2.53,1.0,0.08577394062425402,0.08577394062425402,0.29,9.01637864112854,0.628603458404541
